date,btc,ln_btc,btc_diff,spgsci,ln_spgsci,spgsci_diff,gepu,ln_gepu,gepu_diff,umcsent,ln_umcsent,umcsent_diff,abs_diff,gepu_Diff,vix,ln_vix,vix_diff,usd,ln_usd,usd_diff
1/9/2011,8.22,2.106570209,-0.28219258,590.9992,6.381814664,-0.132435253,190.366666,5.248952033,-0.120572808,60.8,4.107589789,0.021613476,1.3,21.6232648,36.53,3.598133841,0.041929004,89.7253,4.496752781,0.032015462
1/10/2011,4.87,1.583093937,-0.523476272,647.9552,6.473821558,0.092006894,166.2317883,5.113383129,-0.135568904,63.7,4.154184563,0.046594774,2.9,-24.1348777,32.83,3.491342732,-0.106791109,90.6098,4.506562375,0.009809594
1/11/2011,3.33,1.202972304,-0.380121633,658.0235,6.489240645,0.015419087,197.9289252,5.287908003,0.174524873,69.9,4.247065649,0.092881087,6.2,31.6971369,31.94,3.463859143,-0.027483589,91.2649,4.513766267,0.007203892
1/12/2011,3.42,1.229640551,0.026668247,644.9144,6.469117595,-0.02012305,182.5580373,5.207068135,-0.080839868,75,4.317488114,0.070422464,5.1,-15.3708879,25.05,3.220873828,-0.242985315,92.2056,4.524020866,0.010254599
1/1/2012,5,1.609437912,0.379797361,660.6774,6.493265672,0.024148077,161.7919668,5.086311354,-0.120756781,75.3,4.321480135,0.003992021,0.3,-20.7660705,20.23,3.007166651,-0.213707176,91.6463,4.517936602,-0.006084264
1/2/2012,5.88,1.771556762,0.162118849,703.4976,6.556064465,0.062798793,142.459776,4.959059686,-0.127251668,76.2,4.333361463,0.011881328,0.9,-19.3321908,18.42,2.913437031,-0.09372962,89.9605,4.499370685,-0.018565917
1/3/2012,5,1.609437912,-0.162118849,688.7121,6.534823332,-0.021241133,134.5359094,4.901831148,-0.057228539,76.4,4.335982696,0.002621233,0.2,-7.9238666,16.17,2.783157674,-0.130279357,90.5112,4.5054736,0.006102915
1/4/2012,4.89,1.587192303,-0.022245609,684.8785,6.52924145,-0.005581881,127.4005797,4.847336293,-0.054494854,79.3,4.373238129,0.037255432,2.9,-7.1353297,17.82,2.880321422,0.097163748,90.8156,4.508831077,0.003357477
1/5/2012,4.97,1.60341984,0.016227537,596.2044,6.390583561,-0.138657889,160.2410992,5.076679551,0.229343258,73.2,4.293195421,-0.080042708,-6.1,32.8405195,21,3.044522438,0.164201016,92.4928,4.527130804,0.018299727
1/6/2012,5.22,1.652497402,0.049077562,599.4434,6.396001558,0.005417997,189.0171108,5.241837544,0.165157993,72.3,4.280824129,-0.012371292,-0.9,28.7760116,21.13,3.050693832,0.006171394,93.8809,4.542026958,0.014896154
1/7/2012,6.52,1.874874376,0.222376974,635.8224,6.454919279,0.058917721,160.0986536,5.07579021,-0.166047334,74.3,4.308110952,0.027286823,2,-28.9184572,17.57,2.866192902,-0.184500929,93.4062,4.536957724,-0.005069233
1/8/2012,9.45,2.246014742,0.371140366,675.0332,6.514761875,0.059842596,122.8512991,4.810974674,-0.264815537,78.3,4.360547603,0.052436651,4,-37.2473545,15.69,2.753023567,-0.113169335,92.5283,4.527514544,-0.009443181
1/9/2012,9.91,2.293544348,0.047529607,665.7263,6.500878625,-0.01388325,151.9695328,5.023680059,0.212705385,82.6,4.414009681,0.053462078,4.3,29.1182337,15.28,2.726544784,-0.026478783,90.9802,4.5106419,-0.016872643
1/10/2012,12.14,2.496505786,0.202961437,637.7365,6.457925189,-0.042953436,159.4239713,5.071567139,0.047887081,82.7,4.415219602,0.001209922,0.1,7.4544385,16.28,2.789937361,0.063392577,90.7566,4.508181198,-0.002460703
1/11/2012,10.85,2.38416508,-0.112340706,650.0503,6.477049745,0.019124556,173.6180133,5.15685756,0.085290421,72.9,4.289088639,-0.126130963,-9.8,14.194042,16.7,2.815408719,0.025471359,91.4751,4.516066804,0.007885606
1/12/2012,12.34,2.512846018,0.128680938,646.5846,6.471704048,-0.005345696,168.3846886,5.126251175,-0.030606385,73.8,4.301358732,0.012270093,0.9,-5.2333247,17.31,2.851284369,0.03587565,90.8804,4.509544356,-0.006522448
1/1/2013,13.22,2.581730834,0.068884816,675.3659,6.515254618,0.04355057,167.7715778,5.122603398,-0.003647776,77.6,4.351567427,0.050208696,3.8,-0.6131108,13.51,2.603430152,-0.247854217,90.8255,4.508940083,-0.000604273
1/2/2013,20.35,3.013080912,0.431350077,648.2096,6.474214101,-0.041040517,125.4416799,4.831840949,-0.29076245,78.6,4.364371699,0.012804272,1,-42.3298979,14.07,2.644044871,0.040614719,91.5509,4.516895102,0.007955019
1/3/2013,34.55,3.54240755,0.529326638,655.0464,6.484706073,0.010491972,141.4432839,4.951898816,0.120057868,76.4,4.335982696,-0.028389003,-2.2,16.001604,13.03,2.567254391,-0.07679048,92.4132,4.526269826,0.009374724
1/4/2013,104.7,4.651099118,1.108691568,624.435,6.436847241,-0.047858832,133.4705671,4.893880982,-0.058017834,84.5,4.436751534,0.100768838,8.1,-7.9727168,13.97,2.636912173,0.069657782,92.0478,4.522308007,-0.003961818
1/5/2013,116.75,4.760034897,0.108935779,615.4581,6.422366869,-0.014480372,106.1854656,4.66518724,-0.228693742,84.1,4.432006567,-0.004744967,-0.4,-27.2851015,13.49,2.60194867,-0.034963503,92.529,4.527522109,0.005214102
1/6/2013,128.77,4.858027867,0.097992971,611.2961,6.415581457,-0.006785411,119.3631203,4.782170278,0.116983037,85.1,4.443827036,0.011820469,1,13.1776547,17.27,2.848970892,0.247022222,93.2836,4.535644315,0.008122206
1/7/2013,84.5,4.436751534,-0.421276333,638.6382,6.459338097,0.04375664,108.3023105,4.684926488,-0.097243789,82.1,4.407938016,-0.035889019,-3,-11.0608098,13.97,2.636912173,-0.212058719,93.8724,4.541936413,0.006292098
1/8/2013,96.62,4.570785759,0.134034225,657.0511,6.487761793,0.028423696,118.2672577,4.772946959,0.088020471,77.5,4.350277936,-0.05766008,-4.6,9.9649472,14.21,2.653945942,0.017033769,93.7149,4.540257195,-0.001679219
1/9/2013,130.66,4.872598529,0.30181277,632.3998,6.449521789,-0.038240004,132.5802037,4.887187773,0.114240814,73.2,4.293195421,-0.057082515,-4.3,14.312946,14.69,2.68716699,0.033221048,93.4706,4.537646948,-0.002610246
1/10/2013,127.33,4.846782142,-0.025816388,622.5243,6.433782664,-0.015739125,158.5996641,5.066383191,0.179195418,75.1,4.318820559,0.025625138,1.9,26.0194604,15.41,2.735016649,0.047849659,92.4993,4.527201077,-0.010445871
1/11/2013,202.15,5.309009996,0.462227855,620.117,6.42990817,-0.003874494,96.29112642,4.567376169,-0.499007022,82.5,4.412798293,0.093977735,7.4,-62.30853768,12.92,2.558776498,-0.176240151,93.3737,4.536609721,0.009408644
1/12/2013,948,6.854354502,1.545344506,632.2858,6.449341507,0.019433337,119.2406062,4.781143352,0.213767183,81.2,4.396915247,-0.015883046,-1.3,22.94947978,14.19,2.652537491,0.093760993,93.534,4.538325007,0.001715286
1/1/2014,754.22,6.625684103,-0.2286704,622.2558,6.433351262,-0.015990245,110.9289644,4.708890036,-0.072253316,81.6,4.401829262,0.004914015,0.4,-8.3116418,14.24,2.656054906,0.003517415,94.4647,4.54822622,0.009901213
1/2/2014,813.03,6.700768009,0.075083907,649.6444,6.476425136,0.043073874,98.14122784,4.586407542,-0.122482495,80,4.382026635,-0.019802627,-1.6,-12.78773656,15.47,2.738902665,0.082847759,94.6456,4.55013939,0.00191317
1/3/2014,567.47,6.341187885,-0.359580125,648.857,6.475212353,-0.001212783,113.4950449,4.731759178,0.145351637,84.1,4.432006567,0.049979932,4.1,15.35381706,14.84,2.697326238,-0.041576427,94.4408,4.547973183,-0.002166206
1/4/2014,478.98,6.171658843,-0.169529042,652.5111,6.480828151,0.005615797,101.6225848,4.621265801,-0.110493377,81.9,4.405498991,-0.026507576,-2.2,-11.8724601,14.2,2.653241965,-0.044084273,93.9956,4.543247973,-0.004725211
1/5/2014,460.97,6.133332965,-0.038325878,649.6324,6.476406664,-0.004421486,104.0887439,4.645243842,0.023978041,82.5,4.412798293,0.007299302,0.6,2.4661591,12.48,2.524127363,-0.129114602,93.67,4.539777967,-0.003470005
1/6/2014,630.99,6.447290015,0.31395705,658.5723,6.49007431,0.013667646,86.59414972,4.461232258,-0.184011584,81.8,4.404277244,-0.00852105,-0.7,-17.49459418,11.54,2.445819261,-0.078308102,93.8274,4.541456924,0.001678957
1/7/2014,638.25,6.458730056,0.011440042,621.7026,6.432461843,-0.057612467,93.13376318,4.534036774,0.072804515,82.5,4.412798293,0.00852105,0.7,6.53961346,12.3,2.509599262,0.063780001,93.6039,4.539072049,-0.002384875
1/8/2014,598.2,6.393925146,-0.06480491,610.9172,6.414961434,-0.017500409,99.41235422,4.599276394,0.06523962,84.6,4.437934267,0.025135973,2.1,6.27859104,13.49,2.60194867,0.092349408,94.5808,4.549454496,0.010382446
1/9/2014,474.54,6.162345914,-0.231579232,574.2939,6.353141286,-0.061820148,123.4527426,4.815858432,0.216582038,86.9,4.464758032,0.026823766,2.3,24.04038838,13.47,2.60046499,-0.00148368,96.1209,4.565606774,0.016152278
1/10/2014,384.86,5.952879632,-0.209466282,539.5923,6.290813854,-0.062327432,119.1754909,4.780597121,-0.035261311,88.8,4.48638665,0.021628618,1.9,-4.2772517,18.06,2.893699548,0.293234558,97.4396,4.579232699,0.013625925
1/11/2014,324.7,5.782901679,-0.169977953,482.1124,6.178177282,-0.112636573,113.9487622,4.735748893,-0.044848228,93.6,4.539030383,0.052643733,4.8,-5.2267287,13.41,2.596000697,-0.297698851,99.1147,4.596277765,0.017045066
1/12/2014,376.53,5.930997725,0.148096046,418.1225,6.035774452,-0.14240283,111.4333276,4.713426453,-0.02232244,98.1,4.585987367,0.046956983,4.5,-2.5154346,16.29,2.790551423,0.194550725,101.4441,4.619507908,0.023230143
1/1/2015,313.81,5.748787707,-0.182210018,389.6819,5.965330765,-0.070443687,136.0845235,4.913276189,0.199849735,95.4,4.558078578,-0.027908788,-2.7,24.6511959,19.12,2.950734908,0.160183485,103.7607,4.642087286,0.022579378
1/2/2015,226.93,5.4246416,-0.324146107,421.2419,6.043207253,0.077876488,112.9482507,4.726929756,-0.186346433,93,4.532599493,-0.025479085,-2.4,-23.1362728,15.9,2.766319109,-0.184415798,105.1685,4.655563826,0.013476539
1/3/2015,258.34,5.554276547,0.129634947,396.6492,5.983052263,-0.06015499,103.8659689,4.643101307,-0.083828448,95.9,4.563305982,0.030706489,2.9,-9.0822818,14.81,2.695302628,-0.071016481,107.3647,4.67623145,0.020667624
1/4/2015,246.69,5.508132488,-0.046144059,445.5848,6.099387577,0.116335314,102.0559131,4.62552083,-0.017580477,90.7,4.507557357,-0.055748625,-5.2,-1.8100558,13.49,2.60194867,-0.093353958,106.3523,4.666757168,-0.009474282
1/5/2015,231,5.442417711,-0.065714777,439.0937,6.08471283,-0.014674747,106.3161285,4.666417,0.04089617,96.1,4.565389316,0.057831959,5.4,4.2602154,13.34,2.59076704,-0.01118163,105.4065,4.657824304,-0.008932864
1/6/2015,223.51,5.409456156,-0.032961555,440.6926,6.08834758,0.00363475,117.2826699,4.764587003,0.098170003,93.1,4.533674184,-0.031715132,-3,10.9665414,14.34,2.663052835,0.072285795,106.179,4.665126349,0.007302045
1/7/2015,257.62,5.551485631,0.142029475,378.3843,5.935910346,-0.152437234,128.5321416,4.856179003,0.091591999,91.9,4.520701029,-0.012973155,-1.2,11.2494717,14.35,2.663749942,0.000697107,108.1236,4.683275017,0.018148668
1/8/2015,280.19,5.635467944,0.083982314,380.848,5.942400345,0.00649,130.7488534,4.873278333,0.017099331,87.2,4.468204331,-0.052496698,-4.7,2.2167118,19.43,2.966818263,0.303068321,109.9767,4.700268525,0.016993508
1/9/2015,227.96,5.429170175,-0.20629777,359.3369,5.884260389,-0.058139957,174.294322,5.160745376,0.287467043,90,4.49980967,0.031605339,2.8,43.5454686,24.38,3.193763124,0.226944861,110.8513,4.708189664,0.007921138
1/10/2015,237.15,5.468692852,0.039522677,363.4441,5.895625502,0.011365114,125.11736,4.829252176,-0.331493199,91.3,4.514150788,0.014341117,1.3,-49.176962,16.79,2.820783471,-0.372979653,109.9036,4.699603618,-0.008586046
1/11/2015,325.78,5.786222307,0.317529455,336.1496,5.817556299,-0.078069204,101.7756028,4.622770417,-0.206481759,92.6,4.528289142,0.014138354,1.3,-23.3417572,16.21,2.785628336,-0.035155135,111.6916,4.715741502,0.016137884
1/12/2015,363.06,5.89456811,0.108345803,311.6524,5.741888464,-0.075667835,112.9733578,4.727152019,0.104381602,92,4.521788577,-0.006500565,-0.6,11.197755,18.03,2.892037037,0.106408701,112.7857,4.725489558,0.009748056
1/1/2016,433.82,6.072629702,0.178061592,300.6679,5.706006333,-0.035882131,149.494754,5.007261302,0.280109282,91.7,4.518522379,-0.003266198,-0.3,36.5213962,23.72,3.166318574,0.274281537,115.2344,4.746968315,0.021478757
1/2/2016,371.81,5.918382971,-0.15424673,303.6298,5.715809196,0.009802863,155.7552063,5.048285585,0.041024283,91,4.510859507,-0.007662873,-0.7,6.2604523,22.52,3.114403803,-0.051914771,114.2817,4.738666453,-0.008301862
1/3/2016,432.5,6.069582326,0.151199355,323.4185,5.77894715,0.063137954,166.148479,5.112881841,0.064596256,89,4.48863637,-0.022223137,-2,10.3932727,15.85,2.7631695,-0.351234303,111.8934,4.717546632,-0.021119821
1/4/2016,416.31,6.031430175,-0.038152151,360.407,5.887233948,0.108286798,144.5419923,4.973570069,-0.139311771,94.7,4.550714,0.06207763,5.7,-21.6064867,14.3,2.660259537,-0.102909963,110.0171,4.700635808,-0.016910824
1/5/2016,453,6.115892125,0.08446195,370.9456,5.916055421,0.028821473,132.7718412,4.888632175,-0.084937894,93.5,4.537961436,-0.012752564,-1.2,-11.7701511,14.85,2.697999865,0.037740328,111.1405,4.710795167,0.010159358
1/6/2016,536.95,6.28590498,0.170012855,374.0323,5.924342157,0.008286736,243.3259812,5.494402031,0.605769856,90,4.49980967,-0.038151766,-3.5,110.55414,17.77,2.877511642,0.179511777,111.5596,4.714558977,0.003763811
1/7/2016,674.86,6.514505262,0.228600282,339.3952,5.82716521,-0.097176947,236.5124361,5.466000791,-0.02840124,89.8,4.497584975,-0.002224695,-0.2,-6.8135451,13.16,2.577181926,-0.300329716,112.4773,4.722751424,0.008192446
1/8/2016,606.35,6.407457377,-0.107047885,348.2078,5.852799428,0.025634218,143.4639508,4.96608379,-0.499917001,91.2,4.513054897,0.015469922,1.4,-93.0484853,12.4,2.517696473,-0.059485453,111.4384,4.713471972,-0.009279452
1/9/2016,571.05,6.347476771,-0.059980606,364.4711,5.898447262,0.045647834,149.0266073,5.004124862,0.038041073,87.2,4.468204331,-0.044850566,-4,5.5626565,14.22,2.654649424,0.136952952,112.3169,4.72132434,0.007852368
1/10/2016,612.98,6.418332309,0.070855537,361.623,5.890602233,-0.007845029,134.0946483,4.898545882,-0.105578981,93.8,4.541164856,0.072960525,6.6,-14.931959,14.59,2.680336363,0.025686938,113.4747,4.731579905,0.010255564
1/11/2016,726.6,6.58837612,0.170043811,377.2212,5.932831753,0.04222952,251.3069129,5.526674953,0.628129071,98.2,4.587006215,0.045841359,4.4,117.2122646,15.24,2.72392355,0.043587188,116.1075,4.754516486,0.022936582
1/12/2016,751.54,6.622124435,0.033748315,398.2039,5.986964186,0.054132433,222.3180776,5.404109139,-0.122565814,98.5,4.590056548,0.003050333,0.3,-28.9888353,12.47,2.52332576,-0.200597791,117.9048,4.769877519,0.015361033
1/1/2017,997.75,6.905502744,0.283378309,395.8302,5.980985331,-0.005978854,265.7630639,5.582605174,0.178496036,96.3,4.567468319,-0.022588229,-2.2,43.4449863,11.61,2.451866796,-0.071458964,117.7858,4.768867721,-0.001009799
1/2/2017,983.67,6.891290475,-0.014212269,402.2199,5.996998954,0.016013623,202.0198667,5.308366042,-0.274239132,96.9,4.573679519,0.0062112,0.6,-63.7431972,11.53,2.444952334,-0.006914461,116.1204,4.754627584,-0.014240137
1/3/2017,1226.39,7.111830174,0.220539699,388.2245,5.961583781,-0.035415173,235.3632393,5.46113002,0.152763978,97,4.574710979,0.00103146,0.1,33.3433726,11.9,2.4765384,0.031586066,115.6558,4.750618539,-0.004009045
1/4/2017,1083.94,6.98835783,-0.123472344,382.7658,5.947423314,-0.014160467,181.1790291,5.199485654,-0.261644366,97.1,4.575741375,0.001030397,0.1,-54.1842102,13.14,2.575661013,0.099122613,114.7698,4.742928383,-0.007690156
1/5/2017,1390.86,7.23767754,0.24931971,377.8538,5.934507348,-0.012915966,165.91333,5.111465544,-0.08802011,95,4.553876892,-0.021864484,-2.1,-15.2656991,10.86,2.385086315,-0.190574699,114.2591,4.738468676,-0.004459707
1/6/2017,2413.63,7.788887117,0.551209577,372.3775,5.919908125,-0.014599224,169.6047271,5.133470595,0.022005051,93.4,4.536891345,-0.016985546,-1.6,3.6913971,10.51,2.352327185,-0.03275913,112.7603,4.725264327,-0.01320435
1/7/2017,2412.41,7.788381527,-0.000505591,388.0653,5.961173624,0.0412655,149.1866393,5.005198135,-0.12827246,96.8,4.572646994,0.035755649,3.4,-20.4180878,10.26,2.32825284,-0.024074345,111.0606,4.710075998,-0.015188328
1/8/2017,2731,7.912423121,0.124041595,386.0041,5.955847991,-0.005325633,140.9351063,4.948299545,-0.056898589,95.1,4.55492897,-0.017718025,-1.7,-8.251533,11.98,2.483238593,0.154985753,109.9059,4.699624545,-0.010451453
1/9/2017,4921.7,8.501409278,0.588986157,399.3082,5.98973355,0.033885559,157.3237374,5.058305704,0.110006158,100.7,4.6121458,0.05721683,5.6,16.3886311,10.44,2.345644582,-0.13759401,108.8542,4.690009372,-0.009615173
1/10/2017,4377.22,8.384169099,-0.11724018,415.1419,6.028620389,0.03888684,150.4493313,5.013626359,-0.044679345,98.5,4.590056548,-0.022089252,-2.2,-6.8744061,10.13,2.315501318,-0.030143264,110.8892,4.708531505,0.018522132
1/11/2017,6741.59,8.816051081,0.431881982,424.2574,6.050340347,0.021719957,155.7528,5.048270135,0.034643777,95.9,4.563305982,-0.026750566,-2.6,5.3034687,10.54,2.355177543,0.039676225,111.1635,4.711002091,0.002470586
1/12/2017,10840.45,9.291039787,0.474988706,442.4357,6.092295143,0.041954797,149.4223541,5.006776887,-0.041493248,95.7,4.561218298,-0.002087683,-0.2,-6.3304459,10.26,2.32825284,-0.026924703,110.8758,4.708410656,-0.002591435
1/1/2018,13443.41,9.506244302,0.215204515,456.533,6.123660987,0.031365843,151.5689464,5.021040613,0.014263726,99.7,4.602165677,0.040947379,4,2.1465923,11.06,2.403334996,0.075082156,108.3567,4.685428563,-0.022982093
1/2/2018,8998.99,9.104867628,-0.401376674,443.3807,6.094428769,-0.029232218,124.7396293,4.8262286,-0.194812014,101.4,4.619073091,0.016907414,1.7,-26.8293171,22.46,3.111735949,0.708400953,107.6501,4.678886153,-0.00654241
1/3/2018,10903.13,9.296805183,0.191937555,452.9353,6.11574929,0.021320521,168.4126034,5.126416941,0.300188342,98.8,4.593097605,-0.025975486,-2.6,43.6729741,19.02,2.945491057,-0.166244892,107.9473,4.681643145,0.002756992
1/4/2018,6813.52,8.826664153,-0.47014103,475.7616,6.164916888,0.049167599,157.6060239,5.0600984,-0.066318542,98,4.584967479,-0.008130126,-0.8,-10.8065795,18.27,2.90526037,-0.040230687,107.9428,4.681601457,-4.16879E-05
1/5/2018,9066.9,9.112385699,0.285721546,481.4273,6.176755233,0.011838345,175.8581794,5.169677871,0.109579471,98.2,4.587006215,0.002038737,0.2,18.2521555,14.12,2.647592232,-0.257668138,111.046,4.70994453,0.028343073
1/6/2018,7511.6,8.924203771,-0.188181927,487.4372,6.189161462,0.012406228,178.2976046,5.18345409,0.013776219,97.9,4.58394655,-0.003059666,-0.3,2.4394252,13.68,2.615934912,-0.03165732,112.8435,4.726001903,0.016057373
1/7/2018,6349.99,8.756208517,-0.167995254,464.8324,6.141676911,-0.047484551,223.6705727,5.410174312,0.226720221,96.2,4.566429358,-0.017517192,-1.7,45.3729681,13.15,2.576421759,-0.039513154,113.0594,4.727913344,0.001911441
1/8/2018,7602.01,8.936167965,0.179959448,468.6881,6.149937515,0.008260605,179.8944428,5.19237025,-0.217804062,100.1,4.606169686,0.039740329,3.9,-43.7761299,12.55,2.529720666,-0.046701093,113.8309,4.734714014,0.00680067
1/9/2018,7185.01,8.87975219,-0.056415775,486.2794,6.186783356,0.036845841,195.8874779,5.277540402,0.085170152,98.6,4.591071262,-0.015098425,-1.5,15.9930351,12.91,2.558002205,0.028281539,114.0783,4.736885055,0.002171041
1/10/2018,6571.2,8.790451743,-0.089300447,456.3168,6.123187305,-0.063596051,221.6712406,5.401195386,0.123654984,97.5,4.579852378,-0.011218884,-1.1,25.7837627,19.35,2.962692419,0.404690215,114.8301,4.743453645,0.00656859
1/11/2018,6340.99,8.754790187,-0.035661557,406.5197,6.00763239,-0.115554915,247.1791881,5.510113531,0.108918146,98.3,4.588024027,0.008171649,0.8,25.5079475,19.39,2.964757469,0.00206505,116.1678,4.755035698,0.011582053
1/12/2018,4140.39,8.328545265,-0.426244921,374.3282,5.925132953,-0.082499438,270.7562562,5.601218993,0.091105461,91.2,4.513054897,-0.07496913,-7.1,23.5770681,24.95,3.216873822,0.252116353,116.2111,4.755408365,0.000372667
1/1/2019,3823.44,8.24890582,-0.079639445,407.8907,6.010999246,0.085866294,263.2223582,5.572999143,-0.028219849,93.8,4.541164856,0.028109959,2.6,-7.533898,19.57,2.973997781,-0.242876041,114.4403,4.74005329,-0.015355075
1/2/2019,3434.83,8.141722713,-0.107183107,426.3466,6.05525263,0.044253384,205.6018932,5.325941742,-0.247057402,98.4,4.589040804,0.047875948,4.6,-57.620465,15.23,2.723267167,-0.250730615,114.4106,4.739793732,-0.000259558
1/3/2019,3807.05,8.24460989,0.102887177,434.1253,6.073333202,0.018080572,250.9071269,5.525082859,0.199141117,97.2,4.576770711,-0.012270093,-1.2,45.3052337,14.49,2.673458756,-0.049808411,114.7823,4.743037291,0.003243559
1/4/2019,4136.32,8.327561783,0.082951893,446.4518,6.101331444,0.027998242,191.5027232,5.254902029,-0.27018083,100,4.605170186,0.028399475,2.8,-59.4044037,12.95,2.561095788,-0.112362968,114.9024,4.744083072,0.001045782
1/5/2019,5318.42,8.578931546,0.251369763,407.7638,6.010688085,-0.090643359,241.37193,5.486339022,0.231436993,98.2,4.587006215,-0.018163971,-1.8,49.8692068,16.72,2.816605608,0.25550982,115.957,4.753219433,0.00913636
1/6/2019,8556.27,9.054419627,0.475488081,425.3581,6.052931402,0.042243317,316.4371787,5.757124734,0.270785712,98.4,4.589040804,0.002034589,0.2,75.0652487,15.84,2.762538386,-0.054067221,115.4279,4.748646093,-0.00457334
1/7/2019,10577.43,9.266477765,0.212058138,422.4391,6.046045294,-0.006886108,262.0919621,5.568695442,-0.188429292,89.8,4.497584975,-0.091455829,-8.6,-54.3452166,13.31,2.588515632,-0.174022754,115.0785,4.745614504,-0.003031588
1/8/2019,10407.71,9.250302157,-0.016175608,397.0581,5.984082618,-0.061962677,317.686121,5.761063854,0.192368412,93.2,4.534747722,0.037162746,3.4,55.5941589,18.98,2.943385793,0.354870161,117.102,4.76304535,0.017430846
1/9/2019,9767.53,9.186818898,-0.063483258,403.6126,6.000455507,0.016372889,273.7182606,5.612099331,-0.148964523,95.5,4.559126247,0.024378526,2.3,-43.9678604,15.56,2.744703519,-0.198682274,117.3256,4.764952976,0.001907626
1/10/2019,8319.01,9.026298536,-0.160520362,407.5104,6.010066454,0.009610947,258.3036763,5.554135933,-0.057963398,96.8,4.572646994,0.013520747,1.3,-15.4145843,15.47,2.738902665,-0.005800854,116.7479,4.760016909,-0.004936066
1/11/2019,9250.45,9.132427478,0.106128942,409.1913,6.014182773,0.004116319,253.3540429,5.534787889,-0.019348043,99.3,4.598145571,0.025498577,2.5,-4.9496334,12.52,2.527327366,-0.211575299,116.5605,4.758410452,-0.001606458
1/12/2019,7412.66,8.910944628,-0.22148285,436.2189,6.078144182,0.063961409,265.973755,5.583397639,0.048609749,99.8,4.603168183,0.005022612,0.5,12.6197121,13.76,2.621765833,0.094438467,115.9107,4.752820067,-0.005590384
1/1/2020,7178.68,8.878870801,-0.032073827,388.8018,5.963069702,-0.115074479,227.9158264,5.428976378,-0.15442126,101,4.615120517,0.011952334,1.2,-38.0579286,13.94,2.634762405,0.012996573,115.2786,4.747351807,-0.00546826
1/2/2020,9377.17,9.146033291,0.26716249,358.4439,5.881772162,-0.08129754,230.4353079,5.439970163,0.010993785,89.1,4.489759334,-0.125361182,-11.9,2.5194815,19.63,2.977059008,0.342296603,116.7095,4.759687941,0.012336134
1/3/2020,8528.95,9.051221538,-0.094811753,255.5416,5.543385214,-0.338386948,356.8521083,5.877321433,0.43735127,71.8,4.273884476,-0.215874858,-17.3,126.4168004,57.74,4.055950174,1.078891166,121.0285,4.796026055,0.036338114
1/4/2020,6652.07,8.802683363,-0.248538175,257.0446,5.549249611,0.005864396,358.8066773,5.88278374,0.005462307,72.3,4.280824129,0.006939653,0.5,1.954569,41.45,3.724487882,-0.331462293,123.2894,4.814534437,0.018508382
1/5/2020,8832.44,9.086186586,0.283503223,307.0756,5.727093971,0.177844361,431.5421493,6.067365187,0.184581446,78.1,4.357990057,0.077165928,5.8,72.735472,30.9,3.430756184,-0.293731698,122.6238,4.809121132,-0.005413305
1/6/2020,10203.64,9.230499798,0.144313212,325.483,5.785310233,0.058216262,328.6579496,5.795017543,-0.272347644,72.5,4.283586562,-0.074403495,-5.6,-102.8841997,31.12,3.437850699,0.007094515,119.6846,4.784859949,-0.024261183
1/7/2020,9233.38,9.130580458,-0.099919341,339.821,5.828419008,0.043108775,352.1606781,5.864087543,0.06907,74.1,4.305415532,0.02182897,1.6,23.5027285,26.84,3.289893312,-0.147957387,118.7004,4.776602671,-0.008257278
1/8/2020,11817.49,9.377335916,0.246755459,358.2109,5.881121919,0.052702911,301.5244902,5.708851241,-0.155236303,80.4,4.387014176,0.081598644,6.3,-50.6361879,22.89,3.130700134,-0.159193178,116.9576,4.761811476,-0.014791195
1/9/2020,11923.96,9.3863051,0.008969184,350.178,5.858441597,-0.022680322,289.8933842,5.669513215,-0.039338026,81.8,4.404277244,0.017263067,1.4,-11.631106,27.65,3.319625728,0.188925594,116.3534,4.756632111,-0.005179364
1/10/2020,10622.71,9.270749441,-0.115555659,340.7799,5.831236814,-0.027204782,307.6226437,5.728873849,0.059360634,76.9,4.342505877,-0.061771367,-4.9,17.7292595,29.44,3.382354294,0.062728566,115.7882,4.75176266,-0.004869451
1/11/2020,13762,9.52966645,0.258917009,385.594,5.954785002,0.123548188,368.2601171,5.908789528,0.179915679,80.7,4.390738575,0.048232699,3.8,60.6374734,25,3.218875825,-0.163478469,114.1033,4.737104178,-0.014658482
1/12/2020,18771.43,9.840091312,0.310424862,409.458,6.014834334,0.060049331,295.5009631,5.688672096,-0.220117432,79,4.369447852,-0.021290723,-1.7,-72.759154,22.37,3.107720776,-0.111155049,111.9051,4.717651191,-0.019452988
1/1/2021,29402.64,10.28883975,0.448748433,430.9947,6.066095793,0.051261459,280.4544215,5.636411222,-0.052260874,76.8,4.34120464,-0.028243212,-2.2,-15.0465416,24.91,3.215269329,0.107548554,111.4953,4.713982438,-0.003668753
1/2/2021,33532.74,10.42027755,0.131437809,476.9869,6.167489027,0.101393234,215.3436952,5.372235334,-0.264175887,84.9,4.441474093,0.100269453,8.1,-65.1107263,23.14,3.141562722,-0.073706608,112.0275,4.718744377,0.004761939
1/3/2021,49629.33,10.81233727,0.392059715,467.414,6.147215375,-0.020273653,215.2116454,5.371621941,-0.000613393,88.3,4.480740108,0.039266014,3.4,-0.1320498,21.84,3.083743151,-0.057819571,113.3497,4.73047773,0.011733353
1/4/2021,58728.53,10.98068092,0.16834365,505.8542,6.226248485,0.079033111,199.2879242,5.294750634,-0.076871307,82.9,4.417635062,-0.063105045,-5.4,-15.9237212,17.42,2.857618971,-0.226124179,112.6426,4.724219975,-0.006257756
1/5/2021,57851.91,10.96564175,-0.01503917,519.2278,6.252342708,0.026094222,190.2393202,5.24828286,-0.046467775,85.5,4.448516376,0.030881314,2.6,-9.048604,19.76,2.983659692,0.126040721,111.2252,4.711556975,-0.012663
1/6/2021,36693.3,10.51034946,-0.455292292,535.9755,6.284088451,0.031745743,178.8099244,5.186323367,-0.061959493,81.2,4.396915247,-0.051601129,-4.3,-11.4293958,16.96,2.83085763,-0.152802062,111.5888,4.714820686,0.003263712
1/7/2021,33564.21,10.4212156,-0.089133856,541.129,6.293657698,0.009569247,205.5386424,5.325634057,0.13931069,70.3,4.252771799,-0.144143448,-10.9,26.728718,17.6,2.867898902,0.037041272,113.0721,4.728025668,0.013204982
1/8/2021,39839,10.59260161,0.171386011,527.3677,6.267898028,-0.02575967,216.3536015,5.376914113,0.051280056,72.8,4.287715955,0.034944156,2.5,10.8149591,17.47,2.860485124,-0.007413778,113.4124,4.731030733,0.003005064
1/9/2021,48853.49,10.7965811,0.203979487,557.7057,6.323831404,0.055933376,205.3407866,5.324670973,-0.052243141,71.7,4.272490748,-0.015225208,-1.1,-11.0128149,19.82,2.986691529,0.126206405,113.4532,4.731390417,0.000359684
1/10/2021,48171.86,10.78253031,-0.014050786,588.2094,6.377083007,0.053251603,195.1448522,5.273742114,-0.050928858,67.4,4.210645018,-0.06184573,-4.3,-10.1959344,17.87,2.883123329,-0.1035682,114.0758,4.73686314,0.005472723
1/11/2021,60922.85,11.01736359,0.234833276,522.4443,6.258518375,-0.118564632,227.921293,5.429000363,0.155258249,70.6,4.257030144,0.046385127,3.2,32.7764408,18.5,2.917770732,0.034647403,115.0036,4.744963432,0.008100293
1/12/2021,57251.59,10.95521069,-0.062152895,561.1805,6.330042601,0.071524225,265.9578219,5.583337732,0.154337369,67.2,4.207673248,-0.049356897,-3.4,38.0365289,21.35,3.06105174,0.143281008,115.8172,4.752013086,0.007049654
1/1/2022,47777.42,10.77430842,-0.180902272,623.7843,6.435804636,0.105762035,231.9013499,5.446312065,-0.137025666,62.8,4.139955073,-0.067718174,-4.4,-34.056472,23.18,3.143289838,0.082238098,115.0507,4.745372901,-0.006640185
1/2/2022,38733.04,10.56444826,-0.20986016,673.0487,6.51181769,0.076013054,191.7460043,5.256171602,-0.190140463,59.4,4.084294226,-0.055660847,-3.4,-40.1553456,25.75,3.248434627,0.105144789,115.0057,4.744981692,-0.000391208
1/3/2022,44443.96,10.70198435,0.137536087,724.1862,6.585048542,0.073230852,329.892517,5.798766895,0.542595293,65.2,4.177459469,0.093165243,5.8,138.1465127,26.97,3.294725137,0.04629051,116.2984,4.756159302,0.01117761
1/4/2022,46307.81,10.74306591,0.04108156,756.7522,6.629035855,0.043987313,302.7985938,5.713067878,-0.085699018,58.4,4.06731589,-0.110143579,-6.8,-27.0939232,24.37,3.193352868,-0.10137227,117.1702,4.763627579,0.007468277
1/5/2022,38488.34,10.55811062,-0.184955291,786.4548,6.667535251,0.038499396,291.1775048,5.673933063,-0.039134814,50,3.912023005,-0.155292884,-8.4,-11.621089,29.31,3.377928755,0.184575887,119.6926,4.784926789,0.021299211
1/6/2022,29787.4,10.30184076,-0.256269853,709.2296,6.56417931,-0.103355941,275.2916518,5.617831088,-0.056101976,51.5,3.941581808,0.029558802,1.5,-15.885853,28.23,3.340385242,-0.037543512,120.0269,4.787715884,0.002789095
1/7/2022,19239.47,9.864719177,-0.437121587,692.6372,6.540506341,-0.023672969,317.1466893,5.759364409,0.141533321,58.2,4.063885355,0.122303547,6.7,41.8550375,25,3.218875825,-0.121509417,122.7609,4.810238561,0.022522677
1/8/2022,23282.92,10.05547532,0.190756146,665.9277,6.501181106,-0.039325235,256.9920717,5.549045235,-0.210319174,58.6,4.070734697,0.006849342,0.4,-60.1546176,22.17,3.098740024,-0.120135801,122.3262,4.806691247,-0.003547314
1/9/2022,20128,9.90986716,-0.145608164,607.7575,6.409775954,-0.091405152,281.8597124,5.641409473,0.092364239,59.9,4.092676505,0.021941809,1.3,24.8676407,27.34,3.308350831,0.209610808,125.5999,4.833101458,0.026410211
1/10/2022,19312,9.868481943,-0.041385216,636.8439,6.456524571,0.046748617,301.142148,5.707582406,0.066172932,56.7,4.037774211,-0.054902294,-3.2,19.2824356,30.01,3.401530659,0.093179828,127.4828,4.847981454,0.014879996
1/11/2022,20480,9.927204079,0.058722136,621.1091,6.431506751,-0.02501782,332.2234078,5.805807658,0.098225252,59.8,4.091005661,0.05323145,3.1,31.0812598,23.3,3.148453361,-0.253077299,124.8627,4.827214734,-0.02076672
1/12/2022,16977,9.739614766,-0.187589313,610.0719,6.413576819,-0.017929932,263.2780464,5.573210685,-0.232596973,64.9,4.172847624,0.081841963,5.1,-68.9453614,21.78,3.080992118,-0.067461243,122.2476,4.806048496,-0.021166237
1/1/2023,16615,9.718061181,-0.021553585,606.0573,6.406974536,-0.006602283,247.1885605,5.510151448,-0.063059236,66.9,4.203198967,0.030351343,2,-16.0894859,20.17,3.004196352,-0.076795766,119.8133,4.785934698,-0.020113798
1/2/2023,23735,10.07470603,0.35664485,581.8661,6.366240353,-0.040734184,243.1914727,5.493849086,-0.016302362,62,4.127134385,-0.076064582,-4.9,-3.9970878,20.12,3.001714345,-0.002482007,120.3366,4.790292816,0.004358118
1/3/2023,23634,10.07044163,-0.004264399,574.0241,6.352671382,-0.013568971,310.5313933,5.738285002,0.244435915,63.7,4.154184563,0.027050178,1.7,67.3399206,21.64,3.074543454,0.072829109,120.8071,4.794195059,0.003902242
1/4/2023,28469,10.25657105,0.186129423,564.9676,6.336768384,-0.015902997,231.5404969,5.444754791,-0.293530211,59,4.077537444,-0.076647119,-4.7,-78.9908964,17.82,2.880321422,-0.194222032,119.3744,4.782264773,-0.011930286
1/5/2023,28079,10.24277724,-0.01379381,528.2247,6.269521761,-0.067246623,228.4052845,5.431121615,-0.013633176,64.2,4.162003211,0.084465767,5.2,-3.1352124,17.64,2.870169051,-0.010152371,119.7956,4.785786957,0.003522185
1/6/2023,26826,10.19712685,-0.0456504,540.4607,6.292421924,0.022900163,229.7431717,5.43696204,0.005840425,71.5,4.26969745,0.107694239,7.3,1.3378872,14,2.63905733,-0.231111721,119.5789,4.783976405,-0.001810553
1/7/2023,30592,10.32849382,0.13136697,593.4022,6.385872415,0.093450491,226.3463958,5.422066551,-0.01489549,69.4,4.239886868,-0.029810582,-2.1,-3.3967759,13.93,2.634044788,-0.005012542,118.4119,4.774169224,-0.00980718
1/8/2023,29696,10.29876764,-0.02972618,591.4241,6.382533357,-0.003339058,210.9391919,5.351569902,-0.070496649,67.8,4.216562195,-0.023324673,-1.6,-15.4072039,15.85,2.7631695,0.129124713,120.2177,4.789304266,0.015135042
1/9/2023,25798,10.15805225,-0.140715387,609.6686,6.412915531,0.030382174,243.9739609,5.497061502,0.1454916,63.8,4.15575319,-0.060809005,-4,33.034769,15.17,2.719319793,-0.043849707,121.9827,4.803879231,0.014574966
1/10/2023,27995,10.2397812,0.081728953,576.9723,6.357794258,-0.055121272,225.8105132,5.41969621,-0.077365292,61.3,4.115779843,-0.039973347,-2.5,-18.1634477,18.89,2.938632682,0.219312888,123.7914,4.818597891,0.01471866
1/11/2023,35440,10.4755964,0.235815203,555.7702,6.320354899,-0.037439359,246.5602574,5.507606415,0.087910205,69.7,4.244200318,0.128420475,8.4,20.7497442,14.02,2.640484882,-0.2981478,121.5369,4.80021792,-0.018379971
1/12/2023,38707,10.56377574,0.088179336,535.6413,6.283464721,-0.036890179,248.0405309,5.513592164,0.005985749,79,4.369447852,0.125247535,9.3,1.4802735,12.72,2.543175558,-0.097309324,120.1585,4.788811705,-0.011406216
1/1/2024,44187,10.69618591,0.132410166,555.0681,6.319090809,0.035626088,257.1330453,5.549593637,0.036001473,76.9,4.342505877,-0.026941976,-2.1,9.0925144,13.39,2.59450816,0.051332602,120.5769,4.792287724,0.003476019
1/2/2024,43071,10.6706052,-0.025580711,557.9317,6.324236553,0.005145745,187.9454581,5.236151804,-0.313441833,79.4,4.374498368,0.031992492,2.5,-69.1875872,13.98,2.637627737,0.043119577,121.4155,4.799218548,0.006930824
1/3/2024,62444,11.04202543,0.371420238,582.4785,6.367292275,0.043055721,190.8615721,5.251548412,0.015396608,77.2,4.346399457,-0.028098911,-2.2,2.916114,13.79,2.623943692,-0.013684045,121.0413,4.79613181,-0.003086738
1/4/2024,69699,11.15194125,0.109915815,586.1663,6.373603538,0.006311263,188.2249207,5.237637635,-0.013910777,69.1,4.235554731,-0.110844726,-8.1,-2.6366514,16.14,2.781300663,0.157356971,122.5142,4.808226942,0.012095132
1/5/2024,58256,10.97260237,-0.179338879,573.2754,6.35136623,-0.022237308,202.707804,5.311765553,0.074127918,68.2,4.222444565,-0.013110166,-0.9,14.4828833,13.06,2.569554124,-0.211746539,122.2444,4.80602232,-0.002204622
1/6/2024,67723,11.12318114,0.150578765,578.3853,6.360240256,0.008874026,192.2642309,5.258870628,-0.052894925,66.4,4.195697056,-0.026747508,-1.8,-10.4435731,12.67,2.539236994,-0.03031713,124.0309,4.820530728,0.014508409
1/7/2024,62829,11.04817203,-0.075009106,551.4392,6.312531588,-0.047708668,240.992385,5.484765335,0.225894707,67.9,4.218036035,0.022338978,1.5,48.7281541,14.37,2.6651427,0.125905706,123.7208,4.818027414,-0.002503314
1/8/2024,65293,11.08664011,0.038468083,536.7498,6.285532064,-0.026999524,209.0455885,5.342552355,-0.142212981,70.1,4.249922794,0.031886759,2.2,-31.9467965,19.31,2.960623096,0.295480396,122.8802,4.811209897,-0.006817517
1/9/2024,57310,10.95623041,-0.130409704,532.8835,6.278302826,-0.007229238,219.5671465,5.391658092,0.049105737,70.5,4.25561271,0.005689916,0.4,10.521558,17.66,2.871302195,-0.089320901,122.1296,4.805082776,-0.006127121
1/10/2024,60807,11.01546019,0.059229785,534.2031,6.280776104,0.002473278,230.1530358,5.43874446,0.047086368,71.8,4.273884476,0.018271766,1.3,10.5858893,19.96,2.993730271,0.122428076,123.831,4.818917733,0.013834957
1/11/2024,69490,11.14893814,0.133477943,535.7093,6.283591663,0.002815559,326.4840865,5.788381208,0.349636747,74,4.304065093,0.030180617,2.2,96.3310507,16.02,2.773837942,-0.219892329,126.5329,4.840502353,0.021584621
1/12/2024,97291,11.48546177,0.33652363,549.64,6.309263518,0.025671855,362.8140252,5.893890376,0.105509168,71.7,4.272490748,-0.031574346,-2.3,36.3299387,15.87,2.764430535,-0.009407407,127.814,4.850576082,0.010073729
1/1/2025,94388,11.45516923,-0.030292541,561.92,6.331359491,0.022095973,365.0252081,5.899966415,0.006076039,64.7,4.169761202,-0.102729546,-7,2.2111829,16.76,2.818995095,0.054564561,129.0413,4.860132508,0.009556426
1/2/2025,100638,11.5192852,0.064115974,553.5848,6.316414947,-0.014944544,396.7793257,5.983380271,0.083413857,57,4.043051268,-0.126709934,-7.7,31.7541176,16.97,2.831447079,0.012451984,128.0665,4.85254966,-0.007582848
,,,,,,,,,,,,,,,,,,,,
,,,,,,,,,,,,,,,,,,,,