observation_date,rfr
11/8/2011,0.01
12/8/2011,0.01
15/8/2011,0
16/8/2011,0.02
17/8/2011,0.01
18/8/2011,0.01
19/8/2011,0
22/8/2011,0.01
23/8/2011,0.01
24/8/2011,0.02
25/8/2011,0.01
26/8/2011,0
29/8/2011,0
30/8/2011,0.01
31/8/2011,0.01
1/9/2011,0.02
2/9/2011,0.02
5/9/2011,
6/9/2011,0.02
7/9/2011,0
8/9/2011,0.01
9/9/2011,0
12/9/2011,0.01
13/9/2011,0
14/9/2011,0
15/9/2011,0
16/9/2011,0.01
19/9/2011,0
20/9/2011,0
21/9/2011,0.01
22/9/2011,0
23/9/2011,0
26/9/2011,0
27/9/2011,0
28/9/2011,0
29/9/2011,0
30/9/2011,0.02
3/10/2011,0.01
4/10/2011,0.01
5/10/2011,0
6/10/2011,0.01
7/10/2011,0.01
10/10/2011,
11/10/2011,0.01
12/10/2011,0.01
13/10/2011,0.02
14/10/2011,0.02
17/10/2011,0.02
18/10/2011,0.02
19/10/2011,0.01
20/10/2011,0.02
21/10/2011,0.01
24/10/2011,0.01
25/10/2011,0.01
26/10/2011,0.01
27/10/2011,0.02
28/10/2011,0.02
31/10/2011,0.02
1/11/2011,0.01
2/11/2011,0.01
3/11/2011,0.01
4/11/2011,0.01
7/11/2011,0.01
8/11/2011,0.01
9/11/2011,0.01
10/11/2011,0.01
11/11/2011,
14/11/2011,0.01
15/11/2011,0.01
16/11/2011,0.01
17/11/2011,0.01
18/11/2011,0.02
21/11/2011,0.02
22/11/2011,0.02
23/11/2011,0.02
24/11/2011,
25/11/2011,0.02
28/11/2011,0.02
29/11/2011,0.02
30/11/2011,0.02
1/12/2011,0.02
2/12/2011,0.02
5/12/2011,0.01
6/12/2011,0
7/12/2011,0
8/12/2011,0
9/12/2011,0
12/12/2011,0
13/12/2011,0
14/12/2011,0
15/12/2011,0
16/12/2011,0
19/12/2011,0
20/12/2011,0
21/12/2011,0
22/12/2011,0
23/12/2011,0
26/12/2011,
27/12/2011,0.01
28/12/2011,0
29/12/2011,0
30/12/2011,0.01
2/1/2012,
3/1/2012,0.01
4/1/2012,0.01
5/1/2012,0.01
6/1/2012,0.02
9/1/2012,0.01
10/1/2012,0.01
11/1/2012,0.01
12/1/2012,0.02
13/1/2012,0.02
16/1/2012,
17/1/2012,0.02
18/1/2012,0.02
19/1/2012,0.04
20/1/2012,0.03
23/1/2012,0.03
24/1/2012,0.02
25/1/2012,0.03
26/1/2012,0.04
27/1/2012,0.05
30/1/2012,0.05
31/1/2012,0.04
1/2/2012,0.05
2/2/2012,0.07
3/2/2012,0.06
6/2/2012,0.04
7/2/2012,0.06
8/2/2012,0.06
9/2/2012,0.06
10/2/2012,0.05
13/2/2012,0.06
14/2/2012,0.09
15/2/2012,0.09
16/2/2012,0.04
17/2/2012,0.03
20/2/2012,
21/2/2012,0.03
22/2/2012,0.07
23/2/2012,0.07
24/2/2012,0.08
27/2/2012,0.08
28/2/2012,0.1
29/2/2012,0.08
1/3/2012,0.07
2/3/2012,0.06
5/3/2012,0.07
6/3/2012,0.06
7/3/2012,0.06
8/3/2012,0.07
9/3/2012,0.06
12/3/2012,0.05
13/3/2012,0.06
14/3/2012,0.08
15/3/2012,0.08
16/3/2012,0.07
19/3/2012,0.07
20/3/2012,0.08
21/3/2012,0.09
22/3/2012,0.06
23/3/2012,0.06
26/3/2012,0.06
27/3/2012,0.07
28/3/2012,0.05
29/3/2012,0.02
30/3/2012,0.05
2/4/2012,0.05
3/4/2012,0.07
4/4/2012,0.08
5/4/2012,0.07
6/4/2012,0.06
9/4/2012,0.07
10/4/2012,0.08
11/4/2012,0.08
12/4/2012,0.08
13/4/2012,0.07
16/4/2012,0.07
17/4/2012,0.07
18/4/2012,0.05
19/4/2012,0.04
20/4/2012,0.04
23/4/2012,0.04
24/4/2012,0.07
25/4/2012,0.08
26/4/2012,0.09
27/4/2012,0.07
30/4/2012,0.07
1/5/2012,0.07
2/5/2012,0.06
3/5/2012,0.05
4/5/2012,0.05
7/5/2012,0.06
8/5/2012,0.08
9/5/2012,0.07
10/5/2012,0.08
11/5/2012,0.07
14/5/2012,0.07
15/5/2012,0.08
16/5/2012,0.08
17/5/2012,0.08
18/5/2012,0.06
21/5/2012,0.06
22/5/2012,0.07
23/5/2012,0.07
24/5/2012,0.08
25/5/2012,0.07
28/5/2012,
29/5/2012,0.06
30/5/2012,0.05
31/5/2012,0.03
1/6/2012,0.03
4/6/2012,0.04
5/6/2012,0.05
6/6/2012,0.05
7/6/2012,0.04
8/6/2012,0.04
11/6/2012,0.05
12/6/2012,0.06
13/6/2012,0.07
14/6/2012,0.08
15/6/2012,0.05
18/6/2012,0.06
19/6/2012,0.06
20/6/2012,0.06
21/6/2012,0.05
22/6/2012,0.05
25/6/2012,0.06
26/6/2012,0.07
27/6/2012,0.06
28/6/2012,0.02
29/6/2012,0.04
2/7/2012,0.06
3/7/2012,0.08
4/7/2012,
5/7/2012,0.07
6/7/2012,0.06
9/7/2012,0.06
10/7/2012,0.07
11/7/2012,0.07
12/7/2012,0.08
13/7/2012,0.08
16/7/2012,0.04
17/7/2012,0.08
18/7/2012,0.07
19/7/2012,0.06
20/7/2012,0.07
23/7/2012,0.07
24/7/2012,0.08
25/7/2012,0.08
26/7/2012,0.08
27/7/2012,0.07
30/7/2012,0.06
31/7/2012,0.07
1/8/2012,0.07
2/8/2012,0.04
3/8/2012,0.03
6/8/2012,0.05
7/8/2012,0.09
8/8/2012,0.09
9/8/2012,0.1
10/8/2012,0.1
13/8/2012,0.1
14/8/2012,0.11
15/8/2012,0.11
16/8/2012,0.1
17/8/2012,0.09
20/8/2012,0.09
21/8/2012,0.1
22/8/2012,0.1
23/8/2012,0.1
24/8/2012,0.1
27/8/2012,0.1
28/8/2012,0.12
29/8/2012,0.12
30/8/2012,0.12
31/8/2012,0.09
3/9/2012,
4/9/2012,0.1
5/9/2012,0.11
6/9/2012,0.1
7/9/2012,0.09
10/9/2012,0.09
11/9/2012,0.09
12/9/2012,0.09
13/9/2012,0.1
14/9/2012,0.08
17/9/2012,0.06
18/9/2012,0.08
19/9/2012,0.08
20/9/2012,0.06
21/9/2012,0.05
24/9/2012,0.03
25/9/2012,0.06
26/9/2012,0.05
27/9/2012,0.05
28/9/2012,0.06
1/10/2012,0.05
2/10/2012,0.09
3/10/2012,0.09
4/10/2012,0.1
5/10/2012,0.1
8/10/2012,
9/10/2012,0.11
10/10/2012,0.12
11/10/2012,0.12
12/10/2012,0.12
15/10/2012,0.1
16/10/2012,0.13
17/10/2012,0.13
18/10/2012,0.12
19/10/2012,0.11
22/10/2012,0.1
23/10/2012,0.11
24/10/2012,0.13
25/10/2012,0.13
26/10/2012,0.12
29/10/2012,0.13
30/10/2012,
31/10/2012,0.09
1/11/2012,0.06
2/11/2012,0.08
5/11/2012,0.09
6/11/2012,0.12
7/11/2012,0.12
8/11/2012,0.13
9/11/2012,0.13
12/11/2012,
13/11/2012,0.12
14/11/2012,0.15
15/11/2012,0.13
16/11/2012,0.07
19/11/2012,0.06
20/11/2012,0.15
21/11/2012,0.17
22/11/2012,
23/11/2012,0.16
26/11/2012,0.14
27/11/2012,0.17
28/11/2012,0.17
29/11/2012,0.16
30/11/2012,0.11
3/12/2012,0.13
4/12/2012,0.07
5/12/2012,0.07
6/12/2012,0.07
7/12/2012,0.06
10/12/2012,0.05
11/12/2012,0.04
12/12/2012,0.04
13/12/2012,0.02
14/12/2012,0.01
17/12/2012,0.01
18/12/2012,0.04
19/12/2012,0.03
20/12/2012,0.02
21/12/2012,0.02
24/12/2012,0.03
25/12/2012,
26/12/2012,0.05
27/12/2012,0.01
28/12/2012,0
31/12/2012,0.02
1/1/2013,
2/1/2013,0.07
3/1/2013,0.06
4/1/2013,0.06
7/1/2013,0.05
8/1/2013,0.06
9/1/2013,0.04
10/1/2013,0.05
11/1/2013,0.04
14/1/2013,0.05
15/1/2013,0.09
16/1/2013,0.07
17/1/2013,0.05
18/1/2013,0.04
21/1/2013,
22/1/2013,0.04
23/1/2013,0.06
24/1/2013,0.06
25/1/2013,0.06
28/1/2013,0.03
29/1/2013,0.03
30/1/2013,0.04
31/1/2013,0.04
1/2/2013,0.02
4/2/2013,0.03
5/2/2013,0.06
6/2/2013,0.06
7/2/2013,0.03
8/2/2013,0.03
11/2/2013,0.05
12/2/2013,0.08
13/2/2013,0.09
14/2/2013,0.1
15/2/2013,0.09
18/2/2013,
19/2/2013,0.09
20/2/2013,0.12
21/2/2013,0.12
22/2/2013,0.11
25/2/2013,0.09
26/2/2013,0.11
27/2/2013,0.11
28/2/2013,0.07
1/3/2013,0.07
4/3/2013,0.07
5/3/2013,0.09
6/3/2013,0.09
7/3/2013,0.1
8/3/2013,0.09
11/3/2013,0.09
12/3/2013,0.1
13/3/2013,0.09
14/3/2013,0.08
15/3/2013,0.07
18/3/2013,0.07
19/3/2013,0.08
20/3/2013,0.08
21/3/2013,0.08
22/3/2013,0.07
25/3/2013,0.06
26/3/2013,0.08
27/3/2013,0.06
28/3/2013,0.04
29/3/2013,
1/4/2013,0.06
2/4/2013,0.06
3/4/2013,0.06
4/4/2013,0.07
5/4/2013,0.05
8/4/2013,0.05
9/4/2013,0.06
10/4/2013,0.07
11/4/2013,0.06
12/4/2013,0.05
15/4/2013,0.04
16/4/2013,0.06
17/4/2013,0.05
18/4/2013,0.03
19/4/2013,0.04
22/4/2013,0.04
23/4/2013,0.04
24/4/2013,0.05
25/4/2013,0.04
26/4/2013,0.04
29/4/2013,0.03
30/4/2013,0.03
1/5/2013,0.03
2/5/2013,0.02
3/5/2013,0.02
6/5/2013,0.01
7/5/2013,0.01
8/5/2013,0.01
9/5/2013,0.02
10/5/2013,0.02
13/5/2013,0.02
14/5/2013,0.01
15/5/2013,0.01
16/5/2013,0
17/5/2013,0.01
20/5/2013,0.01
21/5/2013,0.04
22/5/2013,0.04
23/5/2013,0.03
24/5/2013,0.03
27/5/2013,
28/5/2013,0.02
29/5/2013,0.04
30/5/2013,0.02
31/5/2013,0.03
3/6/2013,0.03
4/6/2013,0.05
5/6/2013,0.04
6/6/2013,0.04
7/6/2013,0.04
10/6/2013,0.04
11/6/2013,0.05
12/6/2013,0.04
13/6/2013,0.04
14/6/2013,0.04
17/6/2013,0.05
18/6/2013,0.04
19/6/2013,0.04
20/6/2013,0.03
21/6/2013,0.02
24/6/2013,0.01
25/6/2013,0.03
26/6/2013,0.02
27/6/2013,0.02
28/6/2013,0.02
1/7/2013,0.01
2/7/2013,0.02
3/7/2013,0.03
4/7/2013,
5/7/2013,0.03
8/7/2013,0.02
9/7/2013,0.04
10/7/2013,0.03
11/7/2013,0.02
12/7/2013,0.02
15/7/2013,0.02
16/7/2013,0.02
17/7/2013,0.02
18/7/2013,0.01
19/7/2013,0.01
22/7/2013,0.01
23/7/2013,0.02
24/7/2013,0.02
25/7/2013,0.02
26/7/2013,0.02
29/7/2013,0.01
30/7/2013,0.03
31/7/2013,0.03
1/8/2013,0.02
2/8/2013,0.02
5/8/2013,0.03
6/8/2013,0.05
7/8/2013,0.05
8/8/2013,0.05
9/8/2013,0.05
12/8/2013,0.05
13/8/2013,0.06
14/8/2013,0.06
15/8/2013,0.05
16/8/2013,0.05
19/8/2013,0.03
20/8/2013,0.03
21/8/2013,0.02
22/8/2013,0.01
23/8/2013,0.02
26/8/2013,0.03
27/8/2013,0.04
28/8/2013,0.04
29/8/2013,0.03
30/8/2013,0.02
2/9/2013,
3/9/2013,0.03
4/9/2013,0.02
5/9/2013,0.03
6/9/2013,0.02
9/9/2013,0.02
10/9/2013,0.01
11/9/2013,0.01
12/9/2013,0.01
13/9/2013,0.01
16/9/2013,0.01
17/9/2013,0.01
18/9/2013,0.01
19/9/2013,0
20/9/2013,0.01
23/9/2013,0.01
24/9/2013,0.02
25/9/2013,0.02
26/9/2013,0.04
27/9/2013,0.03
30/9/2013,0.03
1/10/2013,0.1
2/10/2013,0.08
3/10/2013,0.12
4/10/2013,0.11
7/10/2013,0.13
8/10/2013,0.27
9/10/2013,0.26
10/10/2013,0.25
11/10/2013,0.25
14/10/2013,
15/10/2013,0.32
16/10/2013,0.14
17/10/2013,0.01
18/10/2013,0.01
21/10/2013,0.02
22/10/2013,0.04
23/10/2013,0.02
24/10/2013,0.02
25/10/2013,0.02
28/10/2013,0.02
29/10/2013,0.06
30/10/2013,0.05
31/10/2013,0.03
1/11/2013,0.03
4/11/2013,0.02
5/11/2013,0.06
6/11/2013,0.05
7/11/2013,0.04
8/11/2013,0.04
11/11/2013,
12/11/2013,0.05
13/11/2013,0.06
14/11/2013,0.06
15/11/2013,0.06
18/11/2013,0.05
19/11/2013,0.05
20/11/2013,0.06
21/11/2013,0.02
22/11/2013,0.02
25/11/2013,0.04
26/11/2013,0.07
27/11/2013,0.06
28/11/2013,
29/11/2013,0.05
2/12/2013,0.02
3/12/2013,0.04
4/12/2013,0.04
5/12/2013,0.02
6/12/2013,0.03
9/12/2013,0.04
10/12/2013,0.03
11/12/2013,0.02
12/12/2013,0.01
13/12/2013,0.02
16/12/2013,0.02
17/12/2013,0.02
18/12/2013,0.01
19/12/2013,0.01
20/12/2013,0.02
23/12/2013,0.01
24/12/2013,0.01
25/12/2013,
26/12/2013,0
27/12/2013,0.01
30/12/2013,0.01
31/12/2013,0.01
1/1/2014,
2/1/2014,0.01
3/1/2014,0.02
6/1/2014,0.01
7/1/2014,0.01
8/1/2014,0
9/1/2014,0.01
10/1/2014,0.01
13/1/2014,0
14/1/2014,0
15/1/2014,0.01
16/1/2014,0.01
17/1/2014,0.01
20/1/2014,
21/1/2014,0.01
22/1/2014,0
23/1/2014,0.01
24/1/2014,0.04
27/1/2014,0.04
28/1/2014,0.05
29/1/2014,0.04
30/1/2014,0.04
31/1/2014,0.03
3/2/2014,0.04
4/2/2014,0.12
5/2/2014,0.13
6/2/2014,0.07
7/2/2014,0.1
10/2/2014,0.07
11/2/2014,0.05
12/2/2014,0.01
13/2/2014,0.01
14/2/2014,0.01
17/2/2014,
18/2/2014,0.02
19/2/2014,0.04
20/2/2014,0.02
21/2/2014,0.02
24/2/2014,0.02
25/2/2014,0.04
26/2/2014,0.04
27/2/2014,0.04
28/2/2014,0.04
3/3/2014,0.04
4/3/2014,0.06
5/3/2014,0.06
6/3/2014,0.06
7/3/2014,0.06
10/3/2014,0.05
11/3/2014,0.06
12/3/2014,0.05
13/3/2014,0.06
14/3/2014,0.05
17/3/2014,0.05
18/3/2014,0.07
19/3/2014,0.07
20/3/2014,0.06
21/3/2014,0.05
24/3/2014,0.05
25/3/2014,0.05
26/3/2014,0.05
27/3/2014,0.02
28/3/2014,0.03
31/3/2014,0.03
1/4/2014,0.02
2/4/2014,0.02
3/4/2014,0.03
4/4/2014,0.03
7/4/2014,0.03
8/4/2014,0.04
9/4/2014,0.03
10/4/2014,0.03
11/4/2014,0.04
14/4/2014,0.03
15/4/2014,0.03
16/4/2014,0.03
17/4/2014,0.02
18/4/2014,
21/4/2014,0.02
22/4/2014,0.02
23/4/2014,0.02
24/4/2014,0
25/4/2014,0.01
28/4/2014,0
29/4/2014,0.02
30/4/2014,0.02
1/5/2014,0.02
2/5/2014,0.01
5/5/2014,0.01
6/5/2014,0.03
7/5/2014,0.03
8/5/2014,0.02
9/5/2014,0.02
12/5/2014,0.02
13/5/2014,0.03
14/5/2014,0.02
15/5/2014,0.01
16/5/2014,0.01
19/5/2014,0.01
20/5/2014,0.04
21/5/2014,0.04
22/5/2014,0.03
23/5/2014,0.04
26/5/2014,
27/5/2014,0.03
28/5/2014,0.04
29/5/2014,0.05
30/5/2014,0.05
2/6/2014,0.04
3/6/2014,0.04
4/6/2014,0.04
5/6/2014,0.03
6/6/2014,0.02
9/6/2014,0.03
10/6/2014,0.04
11/6/2014,0.03
12/6/2014,0.02
13/6/2014,0.02
16/6/2014,0.03
17/6/2014,0.03
18/6/2014,0.03
19/6/2014,0.01
20/6/2014,0.01
23/6/2014,0.02
24/6/2014,0.01
25/6/2014,0.01
26/6/2014,0.01
27/6/2014,0.02
30/6/2014,0.02
1/7/2014,0.03
2/7/2014,0.02
3/7/2014,0.01
4/7/2014,
7/7/2014,0.02
8/7/2014,0.02
9/7/2014,0.03
10/7/2014,0.02
11/7/2014,0.02
14/7/2014,0.02
15/7/2014,0.02
16/7/2014,0.02
17/7/2014,0.02
18/7/2014,0.03
21/7/2014,0.02
22/7/2014,0.03
23/7/2014,0.03
24/7/2014,0.04
25/7/2014,0.03
28/7/2014,0.03
29/7/2014,0.03
30/7/2014,0.03
31/7/2014,0.01
1/8/2014,0.01
4/8/2014,0.02
5/8/2014,0.03
6/8/2014,0.03
7/8/2014,0.03
8/8/2014,0.03
11/8/2014,0.03
12/8/2014,0.05
13/8/2014,0.04
14/8/2014,0.04
15/8/2014,0.03
18/8/2014,0.02
19/8/2014,0.04
20/8/2014,0.04
21/8/2014,0.03
22/8/2014,0.04
25/8/2014,0.02
26/8/2014,0.04
27/8/2014,0.02
28/8/2014,0.02
29/8/2014,0.02
1/9/2014,
2/9/2014,0.02
3/9/2014,0.02
4/9/2014,0.02
5/9/2014,0.02
8/9/2014,0.01
9/9/2014,0.01
10/9/2014,0.01
11/9/2014,0.01
12/9/2014,0.01
15/9/2014,0.01
16/9/2014,0.01
17/9/2014,0.01
18/9/2014,0.01
19/9/2014,0.01
22/9/2014,0
23/9/2014,0.01
24/9/2014,0.01
25/9/2014,0
26/9/2014,0.01
29/9/2014,0.01
30/9/2014,0.02
1/10/2014,0.01
2/10/2014,0.01
3/10/2014,0.01
6/10/2014,0.01
7/10/2014,0.02
8/10/2014,0.01
9/10/2014,0.02
10/10/2014,0.02
13/10/2014,
14/10/2014,0.03
15/10/2014,0.02
16/10/2014,0.04
17/10/2014,0.03
20/10/2014,0.03
21/10/2014,0.04
22/10/2014,0.04
23/10/2014,0.02
24/10/2014,0.02
27/10/2014,0.03
28/10/2014,0.02
29/10/2014,0.01
30/10/2014,0.01
31/10/2014,0.01
3/11/2014,0.03
4/11/2014,0.04
5/11/2014,0.04
6/11/2014,0.04
7/11/2014,0.04
10/11/2014,0.04
11/11/2014,
12/11/2014,0.05
13/11/2014,0.05
14/11/2014,0.04
17/11/2014,0.02
18/11/2014,0.04
19/11/2014,0.04
20/11/2014,0.04
21/11/2014,0.04
24/11/2014,0.04
25/11/2014,0.06
26/11/2014,0.06
27/11/2014,
28/11/2014,0.04
1/12/2014,0.01
2/12/2014,0.04
3/12/2014,0.03
4/12/2014,0.03
5/12/2014,0.02
8/12/2014,0.03
9/12/2014,0.05
10/12/2014,0.05
11/12/2014,0.02
12/12/2014,0.02
15/12/2014,0.02
16/12/2014,0.03
17/12/2014,0.03
18/12/2014,0.04
19/12/2014,0.01
22/12/2014,0.01
23/12/2014,0.02
24/12/2014,0.01
25/12/2014,
26/12/2014,0.01
29/12/2014,0.01
30/12/2014,0.03
31/12/2014,0.03
1/1/2015,
2/1/2015,0.02
5/1/2015,0.02
6/1/2015,0.02
7/1/2015,0.02
8/1/2015,0.01
9/1/2015,0.02
12/1/2015,0.02
13/1/2015,0.02
14/1/2015,0.02
15/1/2015,0.03
16/1/2015,0.02
19/1/2015,
20/1/2015,0.01
21/1/2015,0.01
22/1/2015,0.02
23/1/2015,0.02
26/1/2015,0.02
27/1/2015,0.02
28/1/2015,0.02
29/1/2015,0.01
30/1/2015,0.01
2/2/2015,0.01
3/2/2015,0.02
4/2/2015,0.01
5/2/2015,0.02
6/2/2015,0.01
9/2/2015,0.02
10/2/2015,0.02
11/2/2015,0.02
12/2/2015,0.02
13/2/2015,0.02
16/2/2015,
17/2/2015,0.02
18/2/2015,0.02
19/2/2015,0.02
20/2/2015,0.02
23/2/2015,0.01
24/2/2015,0.02
25/2/2015,0.02
26/2/2015,0.02
27/2/2015,0.02
2/3/2015,0.02
3/3/2015,0.01
4/3/2015,0.01
5/3/2015,0.02
6/3/2015,0.02
9/3/2015,0.01
10/3/2015,0.03
11/3/2015,0.03
12/3/2015,0.03
13/3/2015,0.03
16/3/2015,0.02
17/3/2015,0.05
18/3/2015,0.02
19/3/2015,0.02
20/3/2015,0
23/3/2015,0.02
24/3/2015,0.03
25/3/2015,0.02
26/3/2015,0.02
27/3/2015,0.02
30/3/2015,0.02
31/3/2015,0.05
1/4/2015,0.02
2/4/2015,0.02
3/4/2015,0.04
6/4/2015,0.02
7/4/2015,0.02
8/4/2015,0.02
9/4/2015,0.02
10/4/2015,0.01
13/4/2015,0.02
14/4/2015,0.02
15/4/2015,0.02
16/4/2015,0.03
17/4/2015,0.03
20/4/2015,0.03
21/4/2015,0.02
22/4/2015,0.01
23/4/2015,0.01
24/4/2015,0.03
27/4/2015,0.01
28/4/2015,0
29/4/2015,0
30/4/2015,0
1/5/2015,0
4/5/2015,0.01
5/5/2015,0.01
6/5/2015,0.02
7/5/2015,0.01
8/5/2015,0.01
11/5/2015,0.02
12/5/2015,0.01
13/5/2015,0.02
14/5/2015,0
15/5/2015,0.02
18/5/2015,0.01
19/5/2015,0.02
20/5/2015,0.02
21/5/2015,0.02
22/5/2015,0.01
25/5/2015,
26/5/2015,0.01
27/5/2015,0.02
28/5/2015,0.01
29/5/2015,0.01
1/6/2015,0.02
2/6/2015,0.02
3/6/2015,0.02
4/6/2015,0.02
5/6/2015,0.02
8/6/2015,0.01
9/6/2015,0.01
10/6/2015,0.01
11/6/2015,0.01
12/6/2015,0.01
15/6/2015,0
16/6/2015,0
17/6/2015,0
18/6/2015,0
19/6/2015,0
22/6/2015,0
23/6/2015,0
24/6/2015,0
25/6/2015,0
26/6/2015,0
29/6/2015,0
30/6/2015,0.02
1/7/2015,0.01
2/7/2015,0.01
3/7/2015,
6/7/2015,0.01
7/7/2015,0.02
8/7/2015,0.02
9/7/2015,0.02
10/7/2015,0.01
13/7/2015,0.02
14/7/2015,0.03
15/7/2015,0.03
16/7/2015,0.03
17/7/2015,0.03
20/7/2015,0.03
21/7/2015,0.04
22/7/2015,0.04
23/7/2015,0.04
24/7/2015,0.04
27/7/2015,0.04
28/7/2015,0.05
29/7/2015,0.05
30/7/2015,0.05
31/7/2015,0.04
3/8/2015,0.03
4/8/2015,0.05
5/8/2015,0.05
6/8/2015,0.04
7/8/2015,0.03
10/8/2015,0.03
11/8/2015,0.06
12/8/2015,0.06
13/8/2015,0.06
14/8/2015,0.04
17/8/2015,0.03
18/8/2015,0.05
19/8/2015,0.05
20/8/2015,0.01
21/8/2015,0.02
24/8/2015,0.02
25/8/2015,0.04
26/8/2015,0.03
27/8/2015,0.02
28/8/2015,0.02
31/8/2015,0
1/9/2015,0.01
2/9/2015,0.01
3/9/2015,0.02
4/9/2015,0.02
7/9/2015,
8/9/2015,0.02
9/9/2015,0.02
10/9/2015,0.02
11/9/2015,0.04
14/9/2015,0.02
15/9/2015,0
16/9/2015,0
17/9/2015,0
18/9/2015,0
21/9/2015,0
22/9/2015,0
23/9/2015,0
24/9/2015,0
25/9/2015,0
28/9/2015,0
29/9/2015,0
30/9/2015,0
1/10/2015,0
2/10/2015,0
5/10/2015,0
6/10/2015,0
7/10/2015,0
8/10/2015,0
9/10/2015,0.01
12/10/2015,
13/10/2015,0
14/10/2015,0
15/10/2015,0
16/10/2015,0.03
19/10/2015,0.06
20/10/2015,0.08
21/10/2015,0.01
22/10/2015,0.02
23/10/2015,0.01
26/10/2015,0.01
27/10/2015,0.01
28/10/2015,0.03
29/10/2015,0.02
30/10/2015,0.01
2/11/2015,0.01
3/11/2015,0.07
4/11/2015,0.07
5/11/2015,0.04
6/11/2015,0.04
9/11/2015,0.06
10/11/2015,0.08
11/11/2015,
12/11/2015,0.08
13/11/2015,0.03
16/11/2015,0.05
17/11/2015,0.07
18/11/2015,0.07
19/11/2015,0.06
20/11/2015,0.05
23/11/2015,0.06
24/11/2015,0.13
25/11/2015,0.14
26/11/2015,
27/11/2015,0.13
30/11/2015,0.11
1/12/2015,0.19
2/12/2015,0.19
3/12/2015,0.18
4/12/2015,0.17
7/12/2015,0.21
8/12/2015,0.23
9/12/2015,0.19
10/12/2015,0.19
11/12/2015,0.15
14/12/2015,0.13
15/12/2015,0.21
16/12/2015,0.2
17/12/2015,0.18
18/12/2015,0.16
21/12/2015,0.14
22/12/2015,0.19
23/12/2015,0.19
24/12/2015,0.15
25/12/2015,
28/12/2015,0.13
29/12/2015,0.18
30/12/2015,0.08
31/12/2015,0.14
1/1/2016,
4/1/2016,0.17
5/1/2016,0.2
6/1/2016,0.21
7/1/2016,0.2
8/1/2016,0.2
11/1/2016,0.19
12/1/2016,0.22
13/1/2016,0.22
14/1/2016,0.22
15/1/2016,0.19
18/1/2016,
19/1/2016,0.21
20/1/2016,0.26
21/1/2016,0.27
22/1/2016,0.26
25/1/2016,0.25
26/1/2016,0.29
27/1/2016,0.28
28/1/2016,0.26
29/1/2016,0.22
1/2/2016,0.19
2/2/2016,0.26
3/2/2016,0.27
4/2/2016,0.24
5/2/2016,0.23
8/2/2016,0.21
9/2/2016,0.27
10/2/2016,0.27
11/2/2016,0.27
12/2/2016,0.26
15/2/2016,
16/2/2016,0.23
17/2/2016,0.28
18/2/2016,0.28
19/2/2016,0.26
22/2/2016,0.28
23/2/2016,0.28
24/2/2016,0.28
25/2/2016,0.27
26/2/2016,0.26
29/2/2016,0.23
1/3/2016,0.29
2/3/2016,0.28
3/3/2016,0.25
4/3/2016,0.25
7/3/2016,0.27
8/3/2016,0.27
9/3/2016,0.27
10/3/2016,0.27
11/3/2016,0.27
14/3/2016,0.28
15/3/2016,0.29
16/3/2016,0.28
17/3/2016,0.29
18/3/2016,0.27
21/3/2016,0.26
22/3/2016,0.28
23/3/2016,0.27
24/3/2016,0.24
25/3/2016,
28/3/2016,0.19
29/3/2016,0.18
30/3/2016,0.14
31/3/2016,0.18
1/4/2016,0.2
4/4/2016,0.18
5/4/2016,0.19
6/4/2016,0.19
7/4/2016,0.2
8/4/2016,0.2
11/4/2016,0.19
12/4/2016,0.21
13/4/2016,0.21
14/4/2016,0.21
15/4/2016,0.19
18/4/2016,0.16
19/4/2016,0.18
20/4/2016,0.18
21/4/2016,0.19
22/4/2016,0.19
25/4/2016,0.17
26/4/2016,0.19
27/4/2016,0.18
28/4/2016,0.17
29/4/2016,0.16
2/5/2016,0.11
3/5/2016,0.18
4/5/2016,0.18
5/5/2016,0.2
6/5/2016,0.2
9/5/2016,0.21
10/5/2016,0.25
11/5/2016,0.25
12/5/2016,0.25
13/5/2016,0.25
16/5/2016,0.21
17/5/2016,0.25
18/5/2016,0.25
19/5/2016,0.25
20/5/2016,0.26
23/5/2016,0.26
24/5/2016,0.28
25/5/2016,0.24
26/5/2016,0.17
27/5/2016,0.23
30/5/2016,
31/5/2016,0.27
1/6/2016,0.27
2/6/2016,0.19
3/6/2016,0.19
6/6/2016,0.19
7/6/2016,0.2
8/6/2016,0.2
9/6/2016,0.21
10/6/2016,0.18
13/6/2016,0.23
14/6/2016,0.24
15/6/2016,0.23
16/6/2016,0.23
17/6/2016,0.22
20/6/2016,0.23
21/6/2016,0.25
22/6/2016,0.25
23/6/2016,0.27
24/6/2016,0.24
27/6/2016,0.22
28/6/2016,0.25
29/6/2016,0.18
30/6/2016,0.2
1/7/2016,0.24
4/7/2016,
5/7/2016,0.27
6/7/2016,0.26
7/7/2016,0.27
8/7/2016,0.26
11/7/2016,0.28
12/7/2016,0.29
13/7/2016,0.29
14/7/2016,0.29
15/7/2016,0.27
18/7/2016,0.26
19/7/2016,0.29
20/7/2016,0.28
21/7/2016,0.28
22/7/2016,0.29
25/7/2016,0.28
26/7/2016,0.24
27/7/2016,0.25
28/7/2016,0.19
29/7/2016,0.19
1/8/2016,0.2
2/8/2016,0.28
3/8/2016,0.26
4/8/2016,0.24
5/8/2016,0.23
8/8/2016,0.27
9/8/2016,0.27
10/8/2016,0.27
11/8/2016,0.27
12/8/2016,0.27
15/8/2016,0.26
16/8/2016,0.27
17/8/2016,0.27
18/8/2016,0.27
19/8/2016,0.27
22/8/2016,0.24
23/8/2016,0.28
24/8/2016,0.28
25/8/2016,0.28
26/8/2016,0.28
29/8/2016,0.25
30/8/2016,0.23
31/8/2016,0.26
1/9/2016,0.27
2/9/2016,0.25
5/9/2016,
6/9/2016,0.24
7/9/2016,0.25
8/9/2016,0.26
9/9/2016,0.24
12/9/2016,0.24
13/9/2016,0.25
14/9/2016,0.24
15/9/2016,0.2
16/9/2016,0.2
19/9/2016,0.16
20/9/2016,0.17
21/9/2016,0.12
22/9/2016,0.1
23/9/2016,0.09
26/9/2016,0.12
27/9/2016,0.16
28/9/2016,0.14
29/9/2016,0.12
30/9/2016,0.2
3/10/2016,0.25
4/10/2016,0.28
5/10/2016,0.26
6/10/2016,0.26
7/10/2016,0.26
10/10/2016,
11/10/2016,0.27
12/10/2016,0.26
13/10/2016,0.26
14/10/2016,0.26
17/10/2016,0.24
18/10/2016,0.26
19/10/2016,0.25
20/10/2016,0.25
21/10/2016,0.25
24/10/2016,0.23
25/10/2016,0.22
26/10/2016,0.25
27/10/2016,0.19
28/10/2016,0.18
31/10/2016,0.2
1/11/2016,0.24
2/11/2016,0.24
3/11/2016,0.24
4/11/2016,0.25
7/11/2016,0.28
8/11/2016,0.28
9/11/2016,0.3
10/11/2016,0.3
11/11/2016,
14/11/2016,0.32
15/11/2016,0.3
16/11/2016,0.32
17/11/2016,0.3
18/11/2016,0.28
21/11/2016,0.28
22/11/2016,0.34
23/11/2016,0.35
24/11/2016,
25/11/2016,0.34
28/11/2016,0.32
29/11/2016,0.34
30/11/2016,0.38
1/12/2016,0.32
2/12/2016,0.34
5/12/2016,0.34
6/12/2016,0.35
7/12/2016,0.38
8/12/2016,0.39
9/12/2016,0.41
12/12/2016,0.42
13/12/2016,0.47
14/12/2016,0.49
15/12/2016,0.48
16/12/2016,0.46
19/12/2016,0.45
20/12/2016,0.48
21/12/2016,0.46
22/12/2016,0.42
23/12/2016,0.42
26/12/2016,
27/12/2016,0.5
28/12/2016,0.48
29/12/2016,0.39
30/12/2016,0.44
2/1/2017,
3/1/2017,0.52
4/1/2017,0.49
5/1/2017,0.51
6/1/2017,0.5
9/1/2017,0.5
10/1/2017,0.51
11/1/2017,0.51
12/1/2017,0.52
13/1/2017,0.52
16/1/2017,
17/1/2017,0.52
18/1/2017,0.48
19/1/2017,0.47
20/1/2017,0.46
23/1/2017,0.46
24/1/2017,0.5
25/1/2017,0.48
26/1/2017,0.49
27/1/2017,0.49
30/1/2017,0.49
31/1/2017,0.5
1/2/2017,0.5
2/2/2017,0.5
3/2/2017,0.49
6/2/2017,0.48
7/2/2017,0.51
8/2/2017,0.52
9/2/2017,0.51
10/2/2017,0.51
13/2/2017,0.5
14/2/2017,0.51
15/2/2017,0.53
16/2/2017,0.51
17/2/2017,0.5
20/2/2017,
21/2/2017,0.49
22/2/2017,0.47
23/2/2017,0.39
24/2/2017,0.4
27/2/2017,0.44
28/2/2017,0.4
1/3/2017,0.46
2/3/2017,0.52
3/3/2017,0.56
6/3/2017,0.56
7/3/2017,0.55
8/3/2017,0.54
9/3/2017,0.5
10/3/2017,0.6
13/3/2017,0.69
14/3/2017,0.77
15/3/2017,0.71
16/3/2017,0.68
17/3/2017,0.71
20/3/2017,0.7
21/3/2017,0.76
22/3/2017,0.74
23/3/2017,0.73
24/3/2017,0.73
27/3/2017,0.73
28/3/2017,0.75
29/3/2017,0.76
30/3/2017,0.75
31/3/2017,0.74
3/4/2017,0.73
4/4/2017,0.77
5/4/2017,0.77
6/4/2017,0.78
7/4/2017,0.77
10/4/2017,0.77
11/4/2017,0.74
12/4/2017,0.77
13/4/2017,0.76
14/4/2017,
17/4/2017,0.76
18/4/2017,0.76
19/4/2017,0.75
20/4/2017,0.73
21/4/2017,0.72
24/4/2017,0.74
25/4/2017,0.73
26/4/2017,0.74
27/4/2017,0.7
28/4/2017,0.68
1/5/2017,0.67
2/5/2017,0.72
3/5/2017,0.73
4/5/2017,0.71
5/5/2017,0.71
8/5/2017,0.73
9/5/2017,0.74
10/5/2017,0.71
11/5/2017,0.68
12/5/2017,0.69
15/5/2017,0.73
16/5/2017,0.72
17/5/2017,0.72
18/5/2017,0.73
19/5/2017,0.71
22/5/2017,0.7
23/5/2017,0.76
24/5/2017,0.76
25/5/2017,0.72
26/5/2017,0.75
29/5/2017,
30/5/2017,0.77
31/5/2017,0.86
1/6/2017,0.82
2/6/2017,0.82
5/6/2017,0.83
6/6/2017,0.83
7/6/2017,0.84
8/6/2017,0.8
9/6/2017,0.8
12/6/2017,0.82
13/6/2017,0.89
14/6/2017,0.9
15/6/2017,0.86
16/6/2017,0.85
19/6/2017,0.85
20/6/2017,0.88
21/6/2017,0.85
22/6/2017,0.8
23/6/2017,0.76
26/6/2017,0.81
27/6/2017,0.89
28/6/2017,0.89
29/6/2017,0.88
30/6/2017,0.84
3/7/2017,0.96
4/7/2017,
5/7/2017,0.97
6/7/2017,0.95
7/7/2017,0.94
10/7/2017,0.95
11/7/2017,0.97
12/7/2017,0.94
13/7/2017,0.95
14/7/2017,0.93
17/7/2017,0.95
18/7/2017,0.95
19/7/2017,0.99
20/7/2017,1
21/7/2017,1
24/7/2017,1
25/7/2017,0.96
26/7/2017,1.02
27/7/2017,1.01
28/7/2017,1
31/7/2017,1
1/8/2017,1
2/8/2017,1.02
3/8/2017,1
4/8/2017,1
7/8/2017,0.99
8/8/2017,1
9/8/2017,1.01
10/8/2017,1.02
11/8/2017,0.99
14/8/2017,0.95
15/8/2017,0.97
16/8/2017,0.97
17/8/2017,0.95
18/8/2017,0.97
21/8/2017,0.95
22/8/2017,0.93
23/8/2017,0.98
24/8/2017,0.98
25/8/2017,0.99
28/8/2017,0.99
29/8/2017,0.96
30/8/2017,0.96
31/8/2017,0.95
1/9/2017,0.96
4/9/2017,
5/9/2017,1.3
6/9/2017,1.04
7/9/2017,0.98
8/9/2017,0.96
11/9/2017,0.97
12/9/2017,0.99
13/9/2017,0.99
14/9/2017,0.99
15/9/2017,0.98
18/9/2017,0.96
19/9/2017,0.97
20/9/2017,0.98
21/9/2017,0.99
22/9/2017,0.97
25/9/2017,0.97
26/9/2017,0.96
27/9/2017,0.99
28/9/2017,0.97
29/9/2017,0.96
2/10/2017,0.95
3/10/2017,1.01
4/10/2017,1
5/10/2017,1.02
6/10/2017,1.03
9/10/2017,
10/10/2017,1.03
11/10/2017,1.04
12/10/2017,0.99
13/10/2017,0.97
16/10/2017,0.97
17/10/2017,0.99
18/10/2017,0.99
19/10/2017,0.99
20/10/2017,0.99
23/10/2017,1
24/10/2017,1
25/10/2017,1.01
26/10/2017,0.99
27/10/2017,0.98
30/10/2017,0.97
31/10/2017,0.99
1/11/2017,1.06
2/11/2017,1.02
3/11/2017,1.02
6/11/2017,1.03
7/11/2017,1.05
8/11/2017,1.05
9/11/2017,1.07
10/11/2017,1.06
13/11/2017,1.07
14/11/2017,1.06
15/11/2017,1.08
16/11/2017,1.08
17/11/2017,1.08
20/11/2017,1.09
21/11/2017,1.15
22/11/2017,1.16
23/11/2017,
24/11/2017,1.14
27/11/2017,1.15
28/11/2017,1.16
29/11/2017,1.17
30/11/2017,1.14
1/12/2017,1.14
4/12/2017,1.16
5/12/2017,1.21
6/12/2017,1.18
7/12/2017,1.16
8/12/2017,1.14
11/12/2017,1.18
12/12/2017,1.26
13/12/2017,1.22
14/12/2017,1.21
15/12/2017,1.24
18/12/2017,1.26
19/12/2017,1.25
20/12/2017,1.22
21/12/2017,1.21
22/12/2017,1.15
25/12/2017,
26/12/2017,1.24
27/12/2017,1.18
28/12/2017,1.19
29/12/2017,1.28
1/1/2018,
2/1/2018,1.29
3/1/2018,1.29
4/1/2018,1.28
5/1/2018,1.27
8/1/2018,1.3
9/1/2018,1.27
10/1/2018,1.31
11/1/2018,1.32
12/1/2018,1.31
15/1/2018,
16/1/2018,1.33
17/1/2018,1.31
18/1/2018,1.29
19/1/2018,1.28
22/1/2018,1.27
23/1/2018,1.26
24/1/2018,1.25
25/1/2018,1.23
26/1/2018,1.24
29/1/2018,1.28
30/1/2018,1.49
31/1/2018,1.43
1/2/2018,1.41
2/2/2018,1.4
5/2/2018,1.4
6/2/2018,1.48
7/2/2018,1.36
8/2/2018,1.32
9/2/2018,1.31
12/2/2018,1.35
13/2/2018,1.34
14/2/2018,1.32
15/2/2018,1.3
16/2/2018,1.35
19/2/2018,
20/2/2018,1.39
21/2/2018,1.4
22/2/2018,1.34
23/2/2018,1.38
26/2/2018,1.39
27/2/2018,1.49
28/2/2018,1.5
1/3/2018,1.5
2/3/2018,1.5
5/3/2018,1.53
6/3/2018,1.56
7/3/2018,1.57
8/3/2018,1.57
9/3/2018,1.57
12/3/2018,1.6
13/3/2018,1.64
14/3/2018,1.71
15/3/2018,1.7
16/3/2018,1.71
19/3/2018,1.7
20/3/2018,1.76
21/3/2018,1.71
22/3/2018,1.67
23/3/2018,1.69
26/3/2018,1.71
27/3/2018,1.69
28/3/2018,1.65
29/3/2018,1.63
30/3/2018,
2/4/2018,1.68
3/4/2018,1.7
4/4/2018,1.67
5/4/2018,1.67
6/4/2018,1.68
9/4/2018,1.67
10/4/2018,1.63
11/4/2018,1.64
12/4/2018,1.65
13/4/2018,1.64
16/4/2018,1.64
17/4/2018,1.68
18/4/2018,1.67
19/4/2018,1.67
20/4/2018,1.65
23/4/2018,1.69
24/4/2018,1.7
25/4/2018,1.65
26/4/2018,1.62
27/4/2018,1.62
30/4/2018,1.65
1/5/2018,1.68
2/5/2018,1.69
3/5/2018,1.68
4/5/2018,1.67
7/5/2018,1.69
8/5/2018,1.69
9/5/2018,1.68
10/5/2018,1.69
11/5/2018,1.68
14/5/2018,1.7
15/5/2018,1.69
16/5/2018,1.69
17/5/2018,1.7
18/5/2018,1.68
21/5/2018,1.71
22/5/2018,1.73
23/5/2018,1.76
24/5/2018,1.74
25/5/2018,1.7
28/5/2018,
29/5/2018,1.77
30/5/2018,1.77
31/5/2018,1.76
1/6/2018,1.74
4/6/2018,1.77
5/6/2018,1.82
6/6/2018,1.81
7/6/2018,1.78
8/6/2018,1.78
11/6/2018,1.82
12/6/2018,1.81
13/6/2018,1.82
14/6/2018,1.81
15/6/2018,1.82
18/6/2018,1.84
19/6/2018,1.85
20/6/2018,1.85
21/6/2018,1.85
22/6/2018,1.83
25/6/2018,1.8
26/6/2018,1.79
27/6/2018,1.79
28/6/2018,1.76
29/6/2018,1.77
2/7/2018,1.9
3/7/2018,1.91
4/7/2018,
5/7/2018,1.87
6/7/2018,1.86
9/7/2018,1.87
10/7/2018,1.88
11/7/2018,1.89
12/7/2018,1.89
13/7/2018,1.87
16/7/2018,1.9
17/7/2018,1.93
18/7/2018,1.9
19/7/2018,1.89
20/7/2018,1.86
23/7/2018,1.88
24/7/2018,1.92
25/7/2018,1.9
26/7/2018,1.89
27/7/2018,1.9
30/7/2018,1.91
31/7/2018,1.94
1/8/2018,1.93
2/8/2018,1.89
3/8/2018,1.9
6/8/2018,1.92
7/8/2018,1.96
8/8/2018,1.93
9/8/2018,1.91
10/8/2018,1.92
13/8/2018,1.93
14/8/2018,1.96
15/8/2018,1.96
16/8/2018,1.96
17/8/2018,1.95
20/8/2018,1.93
21/8/2018,1.94
22/8/2018,1.95
23/8/2018,1.94
24/8/2018,1.95
27/8/2018,1.96
28/8/2018,1.96
29/8/2018,1.97
30/8/2018,1.97
31/8/2018,1.95
3/9/2018,
4/9/2018,2
5/9/2018,2
6/9/2018,1.98
7/9/2018,1.98
10/9/2018,1.98
11/9/2018,2.02
12/9/2018,2.01
13/9/2018,2.01
14/9/2018,2.02
17/9/2018,2.02
18/9/2018,2.05
19/9/2018,2.03
20/9/2018,2.03
21/9/2018,2.05
24/9/2018,2.07
25/9/2018,2.12
26/9/2018,2.11
27/9/2018,2.1
28/9/2018,2.12
1/10/2018,2.13
2/10/2018,2.14
3/10/2018,2.15
4/10/2018,2.16
5/10/2018,2.15
8/10/2018,
9/10/2018,2.17
10/10/2018,2.18
11/10/2018,2.14
12/10/2018,2.14
15/10/2018,2.17
16/10/2018,2.19
17/10/2018,2.2
18/10/2018,2.19
19/10/2018,2.19
22/10/2018,2.18
23/10/2018,2.21
24/10/2018,2.2
25/10/2018,2.19
26/10/2018,2.16
29/10/2018,2.17
30/10/2018,2.21
31/10/2018,2.2
1/11/2018,2.21
2/11/2018,2.19
5/11/2018,2.2
6/11/2018,2.23
7/11/2018,2.23
8/11/2018,2.21
9/11/2018,2.21
12/11/2018,
13/11/2018,2.24
14/11/2018,2.24
15/11/2018,2.2
16/11/2018,2.21
19/11/2018,2.23
20/11/2018,2.23
21/11/2018,2.25
22/11/2018,
23/11/2018,2.25
26/11/2018,2.24
27/11/2018,2.31
28/11/2018,2.31
29/11/2018,2.31
30/11/2018,2.31
3/12/2018,2.3
4/12/2018,2.37
5/12/2018,
6/12/2018,2.36
7/12/2018,2.32
10/12/2018,2.32
11/12/2018,2.28
12/12/2018,2.3
13/12/2018,2.36
14/12/2018,2.36
17/12/2018,2.36
18/12/2018,2.35
19/12/2018,2.35
20/12/2018,2.42
21/12/2018,2.41
24/12/2018,2.42
25/12/2018,
26/12/2018,2.41
27/12/2018,2.43
28/12/2018,2.39
31/12/2018,2.44
1/1/2019,
2/1/2019,2.4
3/1/2019,2.42
4/1/2019,2.4
7/1/2019,2.42
8/1/2019,2.4
9/1/2019,2.4
10/1/2019,2.42
11/1/2019,2.41
14/1/2019,2.42
15/1/2019,2.41
16/1/2019,2.41
17/1/2019,2.41
18/1/2019,2.4
21/1/2019,
22/1/2019,2.38
23/1/2019,2.37
24/1/2019,2.38
25/1/2019,2.36
28/1/2019,2.39
29/1/2019,2.39
30/1/2019,2.4
31/1/2019,2.42
1/2/2019,2.41
4/2/2019,2.41
5/2/2019,2.39
6/2/2019,2.4
7/2/2019,2.43
8/2/2019,2.43
11/2/2019,2.44
12/2/2019,2.42
13/2/2019,2.42
14/2/2019,2.45
15/2/2019,2.43
18/2/2019,
19/2/2019,2.44
20/2/2019,2.41
21/2/2019,2.43
22/2/2019,2.43
25/2/2019,2.44
26/2/2019,2.43
27/2/2019,2.43
28/2/2019,2.44
1/3/2019,2.44
4/3/2019,2.45
5/3/2019,2.44
6/3/2019,2.43
7/3/2019,2.45
8/3/2019,2.45
11/3/2019,2.44
12/3/2019,2.44
13/3/2019,2.43
14/3/2019,2.48
15/3/2019,2.46
18/3/2019,2.47
19/3/2019,2.46
20/3/2019,2.45
21/3/2019,2.51
22/3/2019,2.49
25/3/2019,2.47
26/3/2019,2.46
27/3/2019,2.45
28/3/2019,2.44
29/3/2019,2.43
1/4/2019,2.42
2/4/2019,2.43
3/4/2019,2.42
4/4/2019,2.43
5/4/2019,2.42
8/4/2019,2.43
9/4/2019,2.42
10/4/2019,2.4
11/4/2019,2.42
12/4/2019,2.41
15/4/2019,2.42
16/4/2019,2.43
17/4/2019,2.43
18/4/2019,2.44
19/4/2019,
22/4/2019,2.44
23/4/2019,2.43
24/4/2019,2.42
25/4/2019,2.43
26/4/2019,2.42
29/4/2019,2.45
30/4/2019,2.43
1/5/2019,2.42
2/5/2019,2.44
3/5/2019,2.42
6/5/2019,2.43
7/5/2019,2.44
8/5/2019,2.42
9/5/2019,2.43
10/5/2019,2.42
13/5/2019,2.41
14/5/2019,2.41
15/5/2019,2.4
16/5/2019,2.4
17/5/2019,2.39
20/5/2019,2.39
21/5/2019,2.37
22/5/2019,2.36
23/5/2019,2.38
24/5/2019,2.37
27/5/2019,
28/5/2019,2.35
29/5/2019,2.35
30/5/2019,2.37
31/5/2019,2.35
3/6/2019,2.36
4/6/2019,2.34
5/6/2019,2.31
6/6/2019,2.32
7/6/2019,2.3
10/6/2019,2.3
11/6/2019,2.27
12/6/2019,2.19
13/6/2019,2.24
14/6/2019,2.23
17/6/2019,2.22
18/6/2019,2.18
19/6/2019,2.14
20/6/2019,2.17
21/6/2019,2.16
24/6/2019,2.12
25/6/2019,2.11
26/6/2019,2.11
27/6/2019,2.19
28/6/2019,2.18
1/7/2019,2.17
2/7/2019,2.21
3/7/2019,2.25
4/7/2019,
5/7/2019,2.26
8/7/2019,2.23
9/7/2019,2.22
10/7/2019,2.18
11/7/2019,2.17
12/7/2019,2.16
15/7/2019,2.17
16/7/2019,2.16
17/7/2019,2.13
18/7/2019,2.11
19/7/2019,2.11
22/7/2019,2.13
23/7/2019,2.12
24/7/2019,2.1
25/7/2019,2.16
26/7/2019,2.13
29/7/2019,2.12
30/7/2019,2.07
31/7/2019,2.01
1/8/2019,2.11
2/8/2019,2.11
5/8/2019,2.07
6/8/2019,2.05
7/8/2019,2.02
8/8/2019,2.09
9/8/2019,2.05
12/8/2019,2.09
13/8/2019,2.05
14/8/2019,1.98
15/8/2019,2.08
16/8/2019,2.05
19/8/2019,2.06
20/8/2019,2.05
21/8/2019,2.03
22/8/2019,2.1
23/8/2019,2.07
26/8/2019,2.09
27/8/2019,2.07
28/8/2019,2.07
29/8/2019,2.1
30/8/2019,2.1
2/9/2019,
3/9/2019,2.06
4/9/2019,2.05
5/9/2019,2.05
6/9/2019,2.05
9/9/2019,2.04
10/9/2019,2.04
11/9/2019,2.01
12/9/2019,1.99
13/9/2019,1.99
16/9/2019,2.08
17/9/2019,2.1
18/9/2019,1.94
19/9/2019,2.01
20/9/2019,1.95
23/9/2019,1.94
24/9/2019,1.9
25/9/2019,1.8
26/9/2019,1.91
27/9/2019,1.9
30/9/2019,1.91
1/10/2019,1.79
2/10/2019,1.75
3/10/2019,1.78
4/10/2019,1.73
7/10/2019,1.76
8/10/2019,1.69
9/10/2019,1.69
10/10/2019,1.74
11/10/2019,1.76
14/10/2019,
15/10/2019,1.74
16/10/2019,1.71
17/10/2019,1.74
18/10/2019,1.75
21/10/2019,1.76
22/10/2019,1.75
23/10/2019,1.74
24/10/2019,1.75
25/10/2019,1.73
28/10/2019,1.74
29/10/2019,1.66
30/10/2019,1.61
31/10/2019,1.59
1/11/2019,1.58
4/11/2019,1.58
5/11/2019,1.56
6/11/2019,1.55
7/11/2019,1.57
8/11/2019,1.56
11/11/2019,
12/11/2019,1.56
13/11/2019,1.56
14/11/2019,1.59
15/11/2019,1.59
18/11/2019,1.59
19/11/2019,1.58
20/11/2019,1.57
21/11/2019,1.57
22/11/2019,1.58
25/11/2019,1.6
26/11/2019,1.63
27/11/2019,1.65
28/11/2019,
29/11/2019,1.62
2/12/2019,1.6
3/12/2019,1.56
4/12/2019,1.59
5/12/2019,1.52
6/12/2019,1.52
9/12/2019,1.54
10/12/2019,1.53
11/12/2019,1.54
12/12/2019,1.57
13/12/2019,1.55
16/12/2019,1.57
17/12/2019,1.56
18/12/2019,1.56
19/12/2019,1.54
20/12/2019,1.57
23/12/2019,1.57
24/12/2019,1.55
25/12/2019,
26/12/2019,1.59
27/12/2019,1.56
30/12/2019,1.51
31/12/2019,1.48
1/1/2020,
2/1/2020,1.53
3/1/2020,1.52
6/1/2020,1.54
7/1/2020,1.52
8/1/2020,1.5
9/1/2020,1.53
10/1/2020,1.52
13/1/2020,1.54
14/1/2020,1.53
15/1/2020,1.53
16/1/2020,1.54
17/1/2020,1.54
20/1/2020,
21/1/2020,1.52
22/1/2020,1.52
23/1/2020,1.55
24/1/2020,1.54
27/1/2020,1.53
28/1/2020,1.53
29/1/2020,1.52
30/1/2020,1.59
31/1/2020,1.56
3/2/2020,1.56
4/2/2020,1.55
5/2/2020,1.55
6/2/2020,1.59
7/2/2020,1.57
10/2/2020,1.58
11/2/2020,1.57
12/2/2020,1.57
13/2/2020,1.59
14/2/2020,1.6
17/2/2020,
18/2/2020,1.61
19/2/2020,1.61
20/2/2020,1.61
21/2/2020,1.6
24/2/2020,1.6
25/2/2020,1.59
26/2/2020,1.59
27/2/2020,1.56
28/2/2020,1.45
2/3/2020,1.41
3/3/2020,1.11
4/3/2020,1
5/3/2020,0.92
6/3/2020,0.79
9/3/2020,0.57
10/3/2020,0.57
11/3/2020,0.42
12/3/2020,0.41
13/3/2020,0.33
16/3/2020,0.25
17/3/2020,0.12
18/3/2020,0.04
19/3/2020,0.04
20/3/2020,0.04
23/3/2020,0.01
24/3/2020,0.01
25/3/2020,0
26/3/2020,0.01
27/3/2020,0.01
30/3/2020,0.04
31/3/2020,0.05
1/4/2020,0.03
2/4/2020,0.09
3/4/2020,0.09
6/4/2020,0.09
7/4/2020,0.1
8/4/2020,0.14
9/4/2020,0.2
10/4/2020,
13/4/2020,0.17
14/4/2020,0.17
15/4/2020,0.14
16/4/2020,0.14
17/4/2020,0.12
20/4/2020,0.1
21/4/2020,0.08
22/4/2020,0.09
23/4/2020,0.09
24/4/2020,0.1
27/4/2020,0.09
28/4/2020,0.08
29/4/2020,0.1
30/4/2020,0.1
1/5/2020,0.1
4/5/2020,0.1
5/5/2020,0.09
6/5/2020,0.08
7/5/2020,0.1
8/5/2020,0.1
11/5/2020,0.09
12/5/2020,0.1
13/5/2020,0.1
14/5/2020,0.09
15/5/2020,0.09
18/5/2020,0.1
19/5/2020,0.09
20/5/2020,0.08
21/5/2020,0.09
22/5/2020,0.09
25/5/2020,
26/5/2020,0.1
27/5/2020,0.11
28/5/2020,0.14
29/5/2020,0.13
1/6/2020,0.12
2/6/2020,0.12
3/6/2020,0.12
4/6/2020,0.13
5/6/2020,0.13
8/6/2020,0.15
9/6/2020,0.14
10/6/2020,0.13
11/6/2020,0.14
12/6/2020,0.14
15/6/2020,0.15
16/6/2020,0.14
17/6/2020,0.13
18/6/2020,0.13
19/6/2020,0.13
22/6/2020,0.14
23/6/2020,0.12
24/6/2020,0.11
25/6/2020,0.13
26/6/2020,0.12
29/6/2020,0.11
30/6/2020,0.13
1/7/2020,0.12
2/7/2020,0.13
3/7/2020,
6/7/2020,0.12
7/7/2020,0.12
8/7/2020,0.11
9/7/2020,0.11
10/7/2020,0.1
13/7/2020,0.11
14/7/2020,0.11
15/7/2020,0.12
16/7/2020,0.12
17/7/2020,0.11
20/7/2020,0.11
21/7/2020,0.09
22/7/2020,0.09
23/7/2020,0.09
24/7/2020,0.1
27/7/2020,0.1
28/7/2020,0.09
29/7/2020,0.09
30/7/2020,0.1
31/7/2020,0.09
3/8/2020,0.09
4/8/2020,0.09
5/8/2020,0.08
6/8/2020,0.07
7/8/2020,0.08
10/8/2020,0.09
11/8/2020,0.08
12/8/2020,0.08
13/8/2020,0.08
14/8/2020,0.09
17/8/2020,0.09
18/8/2020,0.08
19/8/2020,0.07
20/8/2020,0.08
21/8/2020,0.07
24/8/2020,0.09
25/8/2020,0.08
26/8/2020,0.08
27/8/2020,0.09
28/8/2020,0.09
31/8/2020,0.08
1/9/2020,0.09
2/9/2020,0.1
3/9/2020,0.1
4/9/2020,0.09
7/9/2020,
8/9/2020,0.1
9/9/2020,0.1
10/9/2020,0.1
11/9/2020,0.1
14/9/2020,0.1
15/9/2020,0.09
16/9/2020,0.08
17/9/2020,0.09
18/9/2020,0.09
21/9/2020,0.09
22/9/2020,0.08
23/9/2020,0.08
24/9/2020,0.08
25/9/2020,0.08
28/9/2020,0.09
29/9/2020,0.07
30/9/2020,0.08
1/10/2020,0.09
2/10/2020,0.1
5/10/2020,0.09
6/10/2020,0.08
7/10/2020,0.08
8/10/2020,0.09
9/10/2020,0.1
12/10/2020,
13/10/2020,0.09
14/10/2020,0.1
15/10/2020,0.1
16/10/2020,0.09
19/10/2020,0.09
20/10/2020,0.08
21/10/2020,0.08
22/10/2020,0.09
23/10/2020,0.08
26/10/2020,0.08
27/10/2020,0.08
28/10/2020,0.07
29/10/2020,0.08
30/10/2020,0.08
2/11/2020,0.09
3/11/2020,0.09
4/11/2020,0.08
5/11/2020,0.09
6/11/2020,0.1
9/11/2020,0.1
10/11/2020,0.09
11/11/2020,
12/11/2020,0.1
13/11/2020,0.1
16/11/2020,0.09
17/11/2020,0.08
18/11/2020,0.07
19/11/2020,0.08
20/11/2020,0.09
23/11/2020,0.08
24/11/2020,0.08
25/11/2020,0.07
26/11/2020,
27/11/2020,0.09
30/11/2020,0.08
1/12/2020,0.07
2/12/2020,0.07
3/12/2020,0.08
4/12/2020,0.07
7/12/2020,0.09
8/12/2020,0.08
9/12/2020,0.07
10/12/2020,0.07
11/12/2020,0.08
14/12/2020,0.07
15/12/2020,0.07
16/12/2020,0.08
17/12/2020,0.08
18/12/2020,0.08
21/12/2020,0.08
22/12/2020,0.07
23/12/2020,0.07
24/12/2020,0.09
25/12/2020,
28/12/2020,0.09
29/12/2020,0.08
30/12/2020,0.06
31/12/2020,0.08
1/1/2021,
4/1/2021,0.09
5/1/2021,0.08
6/1/2021,0.09
7/1/2021,0.09
8/1/2021,0.08
11/1/2021,0.09
12/1/2021,0.09
13/1/2021,0.09
14/1/2021,0.09
15/1/2021,0.08
18/1/2021,
19/1/2021,0.07
20/1/2021,0.08
21/1/2021,0.07
22/1/2021,0.07
25/1/2021,0.07
26/1/2021,0.05
27/1/2021,0.05
28/1/2021,0.05
29/1/2021,0.07
1/2/2021,0.06
2/2/2021,0.04
3/2/2021,0.03
4/2/2021,0.03
5/2/2021,0.02
8/2/2021,0.04
9/2/2021,0.04
10/2/2021,0.05
11/2/2021,0.05
12/2/2021,0.03
15/2/2021,
16/2/2021,0.03
17/2/2021,0.03
18/2/2021,0.03
19/2/2021,0.03
22/2/2021,0.03
23/2/2021,0.03
24/2/2021,0.03
25/2/2021,0.04
26/2/2021,0.04
1/3/2021,0.03
2/3/2021,0.04
3/3/2021,0.04
4/3/2021,0.03
5/3/2021,0.04
8/3/2021,0.04
9/3/2021,0.04
10/3/2021,0.03
11/3/2021,0.04
12/3/2021,0.03
15/3/2021,0.02
16/3/2021,0.01
17/3/2021,0.01
18/3/2021,0.01
19/3/2021,0.01
22/3/2021,0.02
23/3/2021,0.02
24/3/2021,0.02
25/3/2021,0.02
26/3/2021,0.02
29/3/2021,0.02
30/3/2021,0.01
31/3/2021,0.01
1/4/2021,0.02
2/4/2021,0.02
5/4/2021,0.03
6/4/2021,0.02
7/4/2021,0.01
8/4/2021,0.02
9/4/2021,0.02
12/4/2021,0.02
13/4/2021,0.03
14/4/2021,0.02
15/4/2021,0.02
16/4/2021,0.02
19/4/2021,0.01
20/4/2021,0.01
21/4/2021,0
22/4/2021,0.02
23/4/2021,0.01
26/4/2021,0.02
27/4/2021,0.01
28/4/2021,0.01
29/4/2021,0.01
30/4/2021,0.01
3/5/2021,0.02
4/5/2021,0.01
5/5/2021,0.01
6/5/2021,0.01
7/5/2021,0.01
10/5/2021,0.02
11/5/2021,0.01
12/5/2021,0.01
13/5/2021,0
14/5/2021,0.01
17/5/2021,0
18/5/2021,0
19/5/2021,0
20/5/2021,0.01
21/5/2021,0
24/5/2021,0.01
25/5/2021,0.01
26/5/2021,0
27/5/2021,0
28/5/2021,0.01
31/5/2021,
1/6/2021,0.01
2/6/2021,0.01
3/6/2021,0
4/6/2021,0.01
7/6/2021,0.01
8/6/2021,0.01
9/6/2021,0.01
10/6/2021,0.01
11/6/2021,0.01
14/6/2021,0.01
15/6/2021,0.02
16/6/2021,0.04
17/6/2021,0.05
18/6/2021,0.05
21/6/2021,0.04
22/6/2021,0.04
23/6/2021,0.04
24/6/2021,0.05
25/6/2021,0.05
28/6/2021,0.04
29/6/2021,0.04
30/6/2021,0.05
1/7/2021,0.05
2/7/2021,0.05
5/7/2021,
6/7/2021,0.05
7/7/2021,0.05
8/7/2021,0.06
9/7/2021,0.06
12/7/2021,0.05
13/7/2021,0.05
14/7/2021,0.06
15/7/2021,0.05
16/7/2021,0.05
19/7/2021,0.05
20/7/2021,0.05
21/7/2021,0.04
22/7/2021,0.04
23/7/2021,0.05
26/7/2021,0.05
27/7/2021,0.04
28/7/2021,0.04
29/7/2021,0.05
30/7/2021,0.05
2/8/2021,0.05
3/8/2021,0.05
4/8/2021,0.05
5/8/2021,0.05
6/8/2021,0.04
9/8/2021,0.04
10/8/2021,0.05
11/8/2021,0.05
12/8/2021,0.05
13/8/2021,0.04
16/8/2021,0.04
17/8/2021,0.03
18/8/2021,0.03
19/8/2021,0.04
20/8/2021,0.04
23/8/2021,0.04
24/8/2021,0.03
25/8/2021,0.04
26/8/2021,0.04
27/8/2021,0.04
30/8/2021,0.04
31/8/2021,0.03
1/9/2021,0.04
2/9/2021,0.05
3/9/2021,0.04
6/9/2021,
7/9/2021,0.04
8/9/2021,0.05
9/9/2021,0.07
10/9/2021,0.06
13/9/2021,0.06
14/9/2021,0.05
15/9/2021,0.04
16/9/2021,0.06
17/9/2021,0.06
20/9/2021,0.06
21/9/2021,0.05
22/9/2021,0.04
23/9/2021,0.05
24/9/2021,0.06
27/9/2021,0.06
28/9/2021,0.07
29/9/2021,0.05
30/9/2021,0.07
1/10/2021,0.08
4/10/2021,0.09
5/10/2021,0.1
6/10/2021,0.06
7/10/2021,0.03
8/10/2021,0.02
11/10/2021,
12/10/2021,0.03
13/10/2021,0.03
14/10/2021,0.05
15/10/2021,0.04
18/10/2021,0.05
19/10/2021,0.06
20/10/2021,0.06
21/10/2021,0.06
22/10/2021,0.05
25/10/2021,0.07
26/10/2021,0.06
27/10/2021,0.06
28/10/2021,0.06
29/10/2021,0.06
1/11/2021,0.05
2/11/2021,0.05
3/11/2021,0.05
4/11/2021,0.05
5/11/2021,0.05
8/11/2021,0.04
9/11/2021,0.04
10/11/2021,0.06
11/11/2021,
12/11/2021,0.05
15/11/2021,0.06
16/11/2021,0.06
17/11/2021,0.06
18/11/2021,0.12
19/11/2021,0.11
22/11/2021,0.07
23/11/2021,0.06
24/11/2021,0.14
25/11/2021,
26/11/2021,0.11
29/11/2021,0.07
30/11/2021,0.11
1/12/2021,0.09
2/12/2021,0.05
3/12/2021,0.04
6/12/2021,0.05
7/12/2021,0.05
8/12/2021,0.04
9/12/2021,0.03
10/12/2021,0.03
13/12/2021,0.01
14/12/2021,0.02
15/12/2021,0.03
16/12/2021,0.04
17/12/2021,0.03
20/12/2021,0.03
21/12/2021,0.03
22/12/2021,0.03
23/12/2021,0.04
24/12/2021,
27/12/2021,0.04
28/12/2021,0.03
29/12/2021,0.01
30/12/2021,0.06
31/12/2021,0.06
3/1/2022,0.05
4/1/2022,0.06
5/1/2022,0.05
6/1/2022,0.04
7/1/2022,0.05
10/1/2022,0.05
11/1/2022,0.04
12/1/2022,0.04
13/1/2022,0.05
14/1/2022,0.05
17/1/2022,
18/1/2022,0.05
19/1/2022,0.05
20/1/2022,0.05
21/1/2022,0.05
24/1/2022,0.05
25/1/2022,0.05
26/1/2022,0.06
27/1/2022,0.04
28/1/2022,0.04
31/1/2022,0.03
1/2/2022,0.04
2/2/2022,0.04
3/2/2022,0.03
4/2/2022,0.05
7/2/2022,0.03
8/2/2022,0.03
9/2/2022,0.04
10/2/2022,0.05
11/2/2022,0.03
14/2/2022,0.03
15/2/2022,0.02
16/2/2022,0.03
17/2/2022,0.06
18/2/2022,0.03
21/2/2022,
22/2/2022,0.03
23/2/2022,0.02
24/2/2022,0.05
25/2/2022,0.03
28/2/2022,0.06
1/3/2022,0.11
2/3/2022,0.13
3/3/2022,0.19
4/3/2022,0.15
7/3/2022,0.17
8/3/2022,0.16
9/3/2022,0.18
10/3/2022,0.19
11/3/2022,0.17
14/3/2022,0.23
15/3/2022,0.22
16/3/2022,0.24
17/3/2022,0.2
18/3/2022,0.19
21/3/2022,0.22
22/3/2022,0.2
23/3/2022,0.15
24/3/2022,0.16
25/3/2022,0.17
28/3/2022,0.19
29/3/2022,0.18
30/3/2022,0.16
31/3/2022,0.17
1/4/2022,0.15
4/4/2022,0.18
5/4/2022,0.18
6/4/2022,0.21
7/4/2022,0.21
8/4/2022,0.2
11/4/2022,0.22
12/4/2022,0.21
13/4/2022,0.26
14/4/2022,0.37
15/4/2022,
18/4/2022,0.38
19/4/2022,0.37
20/4/2022,0.35
21/4/2022,0.5
22/4/2022,0.46
25/4/2022,0.4
26/4/2022,0.38
27/4/2022,0.37
28/4/2022,0.37
29/4/2022,0.37
2/5/2022,0.41
3/5/2022,0.48
4/5/2022,0.49
5/5/2022,0.49
6/5/2022,0.48
9/5/2022,0.51
10/5/2022,0.57
11/5/2022,0.59
12/5/2022,0.61
13/5/2022,0.67
16/5/2022,0.64
17/5/2022,0.61
18/5/2022,0.56
19/5/2022,0.65
20/5/2022,0.63
23/5/2022,0.55
24/5/2022,0.55
25/5/2022,0.58
26/5/2022,0.71
27/5/2022,0.69
30/5/2022,
31/5/2022,0.73
1/6/2022,0.77
2/6/2022,0.85
3/6/2022,0.87
6/6/2022,0.88
7/6/2022,0.87
8/6/2022,0.89
9/6/2022,1.05
10/6/2022,1.1
13/6/2022,1.13
14/6/2022,1.19
15/6/2022,1.21
16/6/2022,1.19
17/6/2022,1.15
20/6/2022,
21/6/2022,1.08
22/6/2022,0.98
23/6/2022,1.12
24/6/2022,1.19
27/6/2022,1.16
28/6/2022,1.12
29/6/2022,1.12
30/6/2022,1.28
1/7/2022,1.27
4/7/2022,
5/7/2022,1.33
6/7/2022,1.36
7/7/2022,1.55
8/7/2022,1.57
11/7/2022,1.58
12/7/2022,1.63
13/7/2022,1.78
14/7/2022,1.99
15/7/2022,1.98
18/7/2022,1.96
19/7/2022,1.93
20/7/2022,1.92
21/7/2022,2.15
22/7/2022,2.15
25/7/2022,2.14
26/7/2022,2.17
27/7/2022,2.14
28/7/2022,2.2
29/7/2022,2.22
1/8/2022,2.22
2/8/2022,2.22
3/8/2022,2.2
4/8/2022,2.19
5/8/2022,2.21
8/8/2022,2.23
9/8/2022,2.23
10/8/2022,2.24
11/8/2022,2.24
12/8/2022,2.23
15/8/2022,2.27
16/8/2022,2.26
17/8/2022,2.22
18/8/2022,2.23
19/8/2022,2.23
22/8/2022,2.27
23/8/2022,2.28
24/8/2022,2.29
25/8/2022,2.42
26/8/2022,2.39
29/8/2022,2.45
30/8/2022,2.43
31/8/2022,2.4
1/9/2022,2.53
2/9/2022,2.49
5/9/2022,
6/9/2022,2.44
7/9/2022,2.3
8/9/2022,2.57
9/9/2022,2.57
12/9/2022,2.62
13/9/2022,2.55
14/9/2022,2.54
15/9/2022,2.76
16/9/2022,2.68
19/9/2022,2.62
20/9/2022,2.57
21/9/2022,2.59
22/9/2022,2.73
23/9/2022,2.67
26/9/2022,2.73
27/9/2022,2.71
28/9/2022,2.63
29/9/2022,2.78
30/9/2022,2.79
3/10/2022,2.87
4/10/2022,2.91
5/10/2022,2.89
6/10/2022,3.05
7/10/2022,3.03
10/10/2022,
11/10/2022,3.07
12/10/2022,3.07
13/10/2022,3.35
14/10/2022,3.3
17/10/2022,3.3
18/10/2022,3.25
19/10/2022,3.31
20/10/2022,3.58
21/10/2022,3.55
24/10/2022,3.57
25/10/2022,3.56
26/10/2022,3.54
27/10/2022,3.76
28/10/2022,3.75
31/10/2022,3.73
1/11/2022,3.72
2/11/2022,3.7
3/11/2022,3.75
4/11/2022,3.73
7/11/2022,3.78
8/11/2022,3.66
9/11/2022,3.65
10/11/2022,3.71
11/11/2022,
14/11/2022,3.72
15/11/2022,3.77
16/11/2022,3.81
17/11/2022,3.93
18/11/2022,3.93
21/11/2022,3.97
22/11/2022,3.97
23/11/2022,4.12
24/11/2022,
25/11/2022,4.16
28/11/2022,4.11
29/11/2022,4.08
30/11/2022,4.07
1/12/2022,4.04
2/12/2022,3.91
5/12/2022,3.93
6/12/2022,3.87
7/12/2022,3.79
8/12/2022,3.75
9/12/2022,3.81
12/12/2022,3.86
13/12/2022,3.89
14/12/2022,3.91
15/12/2022,3.95
16/12/2022,3.94
19/12/2022,3.95
20/12/2022,3.89
21/12/2022,3.9
22/12/2022,3.8
23/12/2022,3.8
26/12/2022,
27/12/2022,3.87
28/12/2022,3.86
29/12/2022,4.04
30/12/2022,4.12
2/1/2023,
3/1/2023,4.17
4/1/2023,4.2
5/1/2023,4.3
6/1/2023,4.32
9/1/2023,4.37
10/1/2023,4.41
11/1/2023,4.42
12/1/2023,4.57
13/1/2023,4.58
16/1/2023,
17/1/2023,4.6
18/1/2023,4.59
19/1/2023,4.69
20/1/2023,4.69
23/1/2023,4.69
24/1/2023,4.7
25/1/2023,4.67
26/1/2023,4.61
27/1/2023,4.61
30/1/2023,4.6
31/1/2023,4.58
1/2/2023,4.59
2/2/2023,4.62
3/2/2023,4.61
6/2/2023,4.61
7/2/2023,4.62
8/2/2023,4.64
9/2/2023,4.66
10/2/2023,4.66
13/2/2023,4.66
14/2/2023,4.63
15/2/2023,4.64
16/2/2023,4.66
17/2/2023,4.64
20/2/2023,
21/2/2023,4.63
22/2/2023,4.62
23/2/2023,4.66
24/2/2023,4.68
27/2/2023,4.67
28/2/2023,4.65
1/3/2023,4.67
2/3/2023,4.75
3/3/2023,4.75
6/3/2023,4.75
7/3/2023,4.8
8/3/2023,4.77
9/3/2023,4.83
10/3/2023,4.81
13/3/2023,4.62
14/3/2023,4.47
15/3/2023,4.23
16/3/2023,4.22
17/3/2023,4.31
20/3/2023,4.34
21/3/2023,4.07
22/3/2023,4.16
23/3/2023,4.26
24/3/2023,4.28
27/3/2023,4.22
28/3/2023,4.24
29/3/2023,4.34
30/3/2023,4.74
31/3/2023,4.74
3/4/2023,4.7
4/4/2023,4.66
5/4/2023,4.62
6/4/2023,4.57
7/4/2023,4.56
10/4/2023,4.53
11/4/2023,4.27
12/4/2023,4.27
13/4/2023,4.08
14/4/2023,4.29
17/4/2023,4.09
18/4/2023,3.89
19/4/2023,3.95
20/4/2023,3.4
21/4/2023,3.36
24/4/2023,3.54
25/4/2023,4.11
26/4/2023,3.91
27/4/2023,4.27
28/4/2023,4.35
1/5/2023,4.49
2/5/2023,4.56
3/5/2023,4.7
4/5/2023,5.76
5/5/2023,5.59
8/5/2023,5.51
9/5/2023,5.56
10/5/2023,5.5
11/5/2023,5.81
12/5/2023,5.79
15/5/2023,5.64
16/5/2023,5.58
17/5/2023,5.5
18/5/2023,5.59
19/5/2023,5.62
22/5/2023,5.69
23/5/2023,5.67
24/5/2023,5.73
25/5/2023,5.95
26/5/2023,6.02
29/5/2023,
30/5/2023,5.31
31/5/2023,5.28
1/6/2023,5.3
2/6/2023,5.28
5/6/2023,5.25
6/6/2023,5.15
7/6/2023,5.07
8/6/2023,5.25
9/6/2023,5.25
12/6/2023,5.24
13/6/2023,5.19
14/6/2023,5.18
15/6/2023,5.18
16/6/2023,5.18
19/6/2023,
20/6/2023,5.17
21/6/2023,5.16
22/6/2023,5.18
23/6/2023,5.17
26/6/2023,5.17
27/6/2023,5.17
28/6/2023,5.17
29/6/2023,5.25
30/6/2023,5.24
3/7/2023,5.27
4/7/2023,
5/7/2023,5.28
6/7/2023,5.32
7/7/2023,5.32
10/7/2023,5.34
11/7/2023,5.35
12/7/2023,5.36
13/7/2023,5.37
14/7/2023,5.37
17/7/2023,5.37
18/7/2023,5.37
19/7/2023,5.37
20/7/2023,5.44
21/7/2023,5.43
24/7/2023,5.44
25/7/2023,5.46
26/7/2023,5.46
27/7/2023,5.47
28/7/2023,5.47
31/7/2023,5.48
1/8/2023,5.49
2/8/2023,5.48
3/8/2023,5.54
4/8/2023,5.54
7/8/2023,5.54
8/8/2023,5.54
9/8/2023,5.51
10/8/2023,5.55
11/8/2023,5.54
14/8/2023,5.55
15/8/2023,5.53
16/8/2023,5.52
17/8/2023,5.55
18/8/2023,5.53
21/8/2023,5.55
22/8/2023,5.54
23/8/2023,5.54
24/8/2023,5.55
25/8/2023,5.56
28/8/2023,5.56
29/8/2023,5.54
30/8/2023,5.55
31/8/2023,5.52
1/9/2023,5.51
4/9/2023,
5/9/2023,5.51
6/9/2023,5.52
7/9/2023,5.52
8/9/2023,5.52
11/9/2023,5.52
12/9/2023,5.52
13/9/2023,5.53
14/9/2023,5.52
15/9/2023,5.51
18/9/2023,5.53
19/9/2023,5.53
20/9/2023,5.53
21/9/2023,5.52
22/9/2023,5.52
25/9/2023,5.54
26/9/2023,5.54
27/9/2023,5.54
28/9/2023,5.56
29/9/2023,5.55
2/10/2023,5.56
3/10/2023,5.55
4/10/2023,5.56
5/10/2023,5.57
6/10/2023,5.59
9/10/2023,
10/10/2023,5.6
11/10/2023,5.58
12/10/2023,5.61
13/10/2023,5.6
16/10/2023,5.57
17/10/2023,5.58
18/10/2023,5.57
19/10/2023,5.58
20/10/2023,5.56
23/10/2023,5.57
24/10/2023,5.57
25/10/2023,5.56
26/10/2023,5.57
27/10/2023,5.57
30/10/2023,5.56
31/10/2023,5.56
1/11/2023,5.56
2/11/2023,5.52
3/11/2023,5.53
6/11/2023,5.53
7/11/2023,5.53
8/11/2023,5.52
9/11/2023,5.53
10/11/2023,5.53
13/11/2023,5.53
14/11/2023,5.52
15/11/2023,5.52
16/11/2023,5.53
17/11/2023,5.52
20/11/2023,5.53
21/11/2023,5.52
22/11/2023,5.54
23/11/2023,
24/11/2023,5.55
27/11/2023,5.54
28/11/2023,5.53
29/11/2023,5.53
30/11/2023,5.56
1/12/2023,5.55
4/12/2023,5.55
5/12/2023,5.54
6/12/2023,5.54
7/12/2023,5.53
8/12/2023,5.54
11/12/2023,5.55
12/12/2023,5.53
13/12/2023,5.52
14/12/2023,5.54
15/12/2023,5.54
18/12/2023,5.52
19/12/2023,5.51
20/12/2023,5.5
21/12/2023,5.54
22/12/2023,5.54
25/12/2023,
26/12/2023,5.53
27/12/2023,5.55
28/12/2023,5.57
29/12/2023,5.6
1/1/2024,
2/1/2024,5.55
3/1/2024,5.54
4/1/2024,5.56
5/1/2024,5.54
8/1/2024,5.54
9/1/2024,5.53
10/1/2024,5.53
11/1/2024,5.54
12/1/2024,5.55
15/1/2024,
16/1/2024,5.54
17/1/2024,5.54
18/1/2024,5.53
19/1/2024,5.54
22/1/2024,5.53
23/1/2024,5.53
24/1/2024,5.52
25/1/2024,5.54
26/1/2024,5.54
29/1/2024,5.53
30/1/2024,5.53
31/1/2024,5.53
1/2/2024,5.49
2/2/2024,5.49
5/2/2024,5.49
6/2/2024,5.48
7/2/2024,5.47
8/2/2024,5.49
9/2/2024,5.49
12/2/2024,5.49
13/2/2024,5.48
14/2/2024,5.48
15/2/2024,5.49
16/2/2024,5.48
19/2/2024,
20/2/2024,5.49
21/2/2024,5.5
22/2/2024,5.49
23/2/2024,5.49
26/2/2024,5.5
27/2/2024,5.5
28/2/2024,5.5
29/2/2024,5.53
1/3/2024,5.54
4/3/2024,5.51
5/3/2024,5.5
6/3/2024,5.5
7/3/2024,5.51
8/3/2024,5.51
11/3/2024,5.5
12/3/2024,5.52
13/3/2024,5.52
14/3/2024,5.52
15/3/2024,5.52
18/3/2024,5.52
19/3/2024,5.52
20/3/2024,5.5
21/3/2024,5.51
22/3/2024,5.51
25/3/2024,5.51
26/3/2024,5.5
27/3/2024,5.5
28/3/2024,5.49
29/3/2024,
1/4/2024,5.49
2/4/2024,5.49
3/4/2024,5.47
4/4/2024,5.47
5/4/2024,5.47
8/4/2024,5.48
9/4/2024,5.48
10/4/2024,5.49
11/4/2024,5.48
12/4/2024,5.48
15/4/2024,5.49
16/4/2024,5.49
17/4/2024,5.49
18/4/2024,5.49
19/4/2024,5.49
22/4/2024,5.49
23/4/2024,5.49
24/4/2024,5.49
25/4/2024,5.48
26/4/2024,5.48
29/4/2024,5.48
30/4/2024,5.48
1/5/2024,5.47
2/5/2024,5.51
3/5/2024,5.51
6/5/2024,5.51
7/5/2024,5.51
8/5/2024,5.51
9/5/2024,5.51
10/5/2024,5.51
13/5/2024,5.5
14/5/2024,5.5
15/5/2024,5.49
16/5/2024,5.51
17/5/2024,5.5
20/5/2024,5.5
21/5/2024,5.5
22/5/2024,5.49
23/5/2024,5.51
24/5/2024,5.56
27/5/2024,
28/5/2024,5.5
29/5/2024,5.5
30/5/2024,5.48
31/5/2024,5.48
3/6/2024,5.49
4/6/2024,5.48
5/6/2024,5.48
6/6/2024,5.48
7/6/2024,5.47
10/6/2024,5.47
11/6/2024,5.46
12/6/2024,5.47
13/6/2024,5.47
14/6/2024,5.47
17/6/2024,5.45
18/6/2024,5.4
19/6/2024,
20/6/2024,5.42
21/6/2024,5.42
24/6/2024,5.42
25/6/2024,5.43
26/6/2024,5.44
27/6/2024,5.48
28/6/2024,5.47
1/7/2024,5.48
2/7/2024,5.48
3/7/2024,5.49
4/7/2024,
5/7/2024,5.48
8/7/2024,5.48
9/7/2024,5.45
10/7/2024,5.46
11/7/2024,5.48
12/7/2024,5.47
15/7/2024,5.48
16/7/2024,5.48
17/7/2024,5.47
18/7/2024,5.48
19/7/2024,5.48
22/7/2024,5.49
23/7/2024,5.49
24/7/2024,5.5
25/7/2024,5.49
26/7/2024,5.49
29/7/2024,5.5
30/7/2024,5.5
31/7/2024,5.49
1/8/2024,5.55
2/8/2024,5.54
5/8/2024,5.52
6/8/2024,5.5
7/8/2024,5.5
8/8/2024,5.55
9/8/2024,5.54
12/8/2024,5.53
13/8/2024,5.48
14/8/2024,5.49
15/8/2024,5.53
16/8/2024,5.53
19/8/2024,5.51
20/8/2024,5.48
21/8/2024,5.45
22/8/2024,5.51
23/8/2024,5.51
26/8/2024,5.49
27/8/2024,5.49
28/8/2024,5.47
29/8/2024,5.4
30/8/2024,5.41
2/9/2024,
3/9/2024,5.38
4/9/2024,5.33
5/9/2024,5.3
6/9/2024,5.28
9/9/2024,5.25
10/9/2024,5.18
11/9/2024,5.21
12/9/2024,5.18
13/9/2024,5.15
16/9/2024,5.11
17/9/2024,5.05
18/9/2024,4.91
19/9/2024,4.89
20/9/2024,4.87
23/9/2024,4.85
24/9/2024,4.78
25/9/2024,4.79
26/9/2024,4.9
27/9/2024,4.9
30/9/2024,4.93
1/10/2024,4.96
2/10/2024,4.92
3/10/2024,4.99
4/10/2024,5.01
7/10/2024,5
8/10/2024,4.96
9/10/2024,4.93
10/10/2024,4.98
11/10/2024,4.97
14/10/2024,
15/10/2024,4.93
16/10/2024,4.91
17/10/2024,4.93
18/10/2024,4.92
21/10/2024,4.92
22/10/2024,4.89
23/10/2024,4.88
24/10/2024,4.87
25/10/2024,4.89
28/10/2024,4.88
29/10/2024,4.88
30/10/2024,4.87
31/10/2024,4.76
1/11/2024,4.75
4/11/2024,4.75
5/11/2024,4.72
6/11/2024,4.68
7/11/2024,4.69
8/11/2024,4.7
11/11/2024,
12/11/2024,4.7
13/11/2024,4.69
14/11/2024,4.7
15/11/2024,4.7
18/11/2024,4.7
19/11/2024,4.67
20/11/2024,4.68
21/11/2024,4.72
22/11/2024,4.72
25/11/2024,4.74
26/11/2024,4.74
27/11/2024,4.76
28/11/2024,
29/11/2024,4.76
2/12/2024,4.75
3/12/2024,4.66
4/12/2024,4.65
5/12/2024,4.59
6/12/2024,4.57
9/12/2024,4.56
10/12/2024,4.53
11/12/2024,4.49
12/12/2024,4.43
13/12/2024,4.43
16/12/2024,4.43
17/12/2024,4.46
18/12/2024,4.44
19/12/2024,4.42
20/12/2024,4.43
23/12/2024,4.44
24/12/2024,4.44
25/12/2024,
26/12/2024,4.45
27/12/2024,4.44
30/12/2024,4.43
31/12/2024,4.4
1/1/2025,
2/1/2025,4.45
3/1/2025,4.44
6/1/2025,4.43
7/1/2025,4.42
8/1/2025,4.41
9/1/2025,4.44
10/1/2025,4.42
13/1/2025,4.42
14/1/2025,4.42
15/1/2025,4.4
16/1/2025,4.43
17/1/2025,4.43
20/1/2025,
21/1/2025,4.42
22/1/2025,4.42
23/1/2025,4.45
24/1/2025,4.45
27/1/2025,4.44
28/1/2025,4.44
29/1/2025,4.43
30/1/2025,4.37
31/1/2025,4.37
3/2/2025,4.37
4/2/2025,4.36
5/2/2025,4.35
6/2/2025,4.37
7/2/2025,4.37
10/2/2025,4.38
11/2/2025,4.38
12/2/2025,4.38
13/2/2025,4.37
14/2/2025,4.37
17/2/2025,
18/2/2025,4.38
19/2/2025,4.38
20/2/2025,4.37
21/2/2025,4.36
24/2/2025,4.36
25/2/2025,4.34
26/2/2025,4.35
27/2/2025,4.38
28/2/2025,4.38
3/3/2025,4.38
4/3/2025,4.39
5/3/2025,4.38
6/3/2025,4.38
7/3/2025,4.38
10/3/2025,4.37
11/3/2025,4.37
12/3/2025,4.36
13/3/2025,4.37
14/3/2025,4.37
17/3/2025,4.37
18/3/2025,4.37
19/3/2025,4.37
20/3/2025,4.36
21/3/2025,4.36
24/3/2025,4.35
25/3/2025,4.36
26/3/2025,4.36
27/3/2025,4.37
28/3/2025,4.38
31/3/2025,4.38
1/4/2025,4.38
2/4/2025,4.38
3/4/2025,4.36
4/4/2025,4.36
7/4/2025,4.36
8/4/2025,4.36
9/4/2025,4.36
10/4/2025,4.36
11/4/2025,4.37
14/4/2025,4.34
15/4/2025,4.35
16/4/2025,4.35
17/4/2025,4.36
18/4/2025,
21/4/2025,4.35
22/4/2025,4.33
23/4/2025,4.33
24/4/2025,4.34
25/4/2025,4.34
28/4/2025,4.35
29/4/2025,4.35
30/4/2025,4.35
1/5/2025,4.38
2/5/2025,4.38
5/5/2025,4.38