date,usd
18/8/2011,87.1271
19/8/2011,86.8286
22/8/2011,87.0753
23/8/2011,86.9001
24/8/2011,87.1316
25/8/2011,87.2306
26/8/2011,87.0751
29/8/2011,86.8433
30/8/2011,87.001
31/8/2011,86.7739
1/9/2011,86.8512
2/9/2011,87.1797
5/9/2011,
6/9/2011,88.1645
7/9/2011,87.9699
8/9/2011,88.1162
9/9/2011,88.9514
12/9/2011,89.2192
13/9/2011,89.2653
14/9/2011,89.419
15/9/2011,89.0647
16/9/2011,89.1108
19/9/2011,89.9336
20/9/2011,89.8777
21/9/2011,90.3453
22/9/2011,92.075
23/9/2011,91.6904
26/9/2011,91.7724
27/9/2011,90.8985
28/9/2011,91.0227
29/9/2011,91.3033
30/9/2011,91.9998
3/10/2011,92.5128
4/10/2011,92.9508
5/10/2011,92.3008
6/10/2011,91.9661
7/10/2011,91.2469
10/10/2011,
11/10/2011,90.9162
12/10/2011,90.3378
13/10/2011,90.6603
14/10/2011,90.2116
17/10/2011,90.266
18/10/2011,90.5907
19/10/2011,90.3317
20/10/2011,91.1026
21/10/2011,90.279
24/10/2011,89.8558
25/10/2011,89.9525
26/10/2011,90.0836
27/10/2011,88.7882
28/10/2011,88.6382
31/10/2011,89.2053
1/11/2011,90.7296
2/11/2011,90.244
3/11/2011,90.2961
4/11/2011,90.3154
7/11/2011,90.3832
8/11/2011,90.172
9/11/2011,90.6991
10/11/2011,90.8588
11/11/2011,
14/11/2011,90.7215
15/11/2011,91.1081
16/11/2011,91.1237
17/11/2011,91.1822
18/11/2011,91.3676
21/11/2011,91.9978
22/11/2011,92.0193
23/11/2011,92.7463
24/11/2011,
25/11/2011,93.1455
28/11/2011,92.4983
29/11/2011,92.2163
30/11/2011,91.4728
1/12/2011,91.227
2/12/2011,91.3532
5/12/2011,91.1087
6/12/2011,91.2817
7/12/2011,91.2331
8/12/2011,91.668
9/12/2011,91.6122
12/12/2011,92.3375
13/12/2011,92.5456
14/12/2011,93.2176
15/12/2011,92.8858
16/12/2011,92.8252
19/12/2011,92.8685
20/12/2011,92.432
21/12/2011,92.5262
22/12/2011,92.3883
23/12/2011,92.3897
26/12/2011,
27/12/2011,92.4137
28/12/2011,92.8374
29/12/2011,92.7398
30/12/2011,92.4262
2/1/2012,
3/1/2012,91.7551
4/1/2012,92.0345
5/1/2012,92.5773
6/1/2012,92.7183
9/1/2012,92.7418
10/1/2012,92.2461
11/1/2012,92.554
12/1/2012,92.2274
13/1/2012,92.5385
16/1/2012,
17/1/2012,92.0142
18/1/2012,91.6943
19/1/2012,91.3316
20/1/2012,91.3661
23/1/2012,90.986
24/1/2012,91.181
25/1/2012,91.277
26/1/2012,90.3962
27/1/2012,90.2559
30/1/2012,90.4762
31/1/2012,90.5538
1/2/2012,90.0963
2/2/2012,89.8765
3/2/2012,89.8491
6/2/2012,89.7907
7/2/2012,89.5968
8/2/2012,89.6555
9/2/2012,89.6246
10/2/2012,90.1024
13/2/2012,89.8895
14/2/2012,90.1919
15/2/2012,90.1932
16/2/2012,90.3109
17/2/2012,90.23
20/2/2012,
21/2/2012,90.0117
22/2/2012,90.2472
23/2/2012,90.1108
24/2/2012,89.9104
27/2/2012,89.9635
28/2/2012,89.8103
29/2/2012,89.7487
1/3/2012,89.7817
2/3/2012,90.135
5/3/2012,90.2748
6/3/2012,90.8237
7/3/2012,90.6837
8/3/2012,90.2598
9/3/2012,90.4341
12/3/2012,90.6643
13/3/2012,90.5363
14/3/2012,90.9325
15/3/2012,90.7866
16/3/2012,90.5245
19/3/2012,90.292
20/3/2012,90.6065
21/3/2012,90.6761
22/3/2012,90.8225
23/3/2012,90.6156
26/3/2012,90.3266
27/3/2012,90.2796
28/3/2012,90.603
29/3/2012,90.7285
30/3/2012,90.4593
2/4/2012,90.247
3/4/2012,90.1921
4/4/2012,90.8284
5/4/2012,90.8781
6/4/2012,90.9375
9/4/2012,90.9624
10/4/2012,91.2728
11/4/2012,91.1768
12/4/2012,90.7694
13/4/2012,91.0558
16/4/2012,91.2355
17/4/2012,90.7661
18/4/2012,90.9326
19/4/2012,91.0833
20/4/2012,90.8066
23/4/2012,91.079
24/4/2012,90.8153
25/4/2012,90.756
26/4/2012,90.6428
27/4/2012,90.3269
30/4/2012,90.3634
1/5/2012,90.3227
2/5/2012,90.6144
3/5/2012,90.6839
4/5/2012,91.0497
7/5/2012,91.0747
8/5/2012,91.4107
9/5/2012,91.7632
10/5/2012,91.7077
11/5/2012,91.7306
14/5/2012,92.2491
15/5/2012,92.5235
16/5/2012,92.903
17/5/2012,92.9632
18/5/2012,93.1395
21/5/2012,93.0945
22/5/2012,93.1113
23/5/2012,93.8855
24/5/2012,93.8027
25/5/2012,93.9488
28/5/2012,
29/5/2012,93.875
30/5/2012,94.302
31/5/2012,94.6856
1/6/2012,94.6979
4/6/2012,94.5184
5/6/2012,94.6184
6/6/2012,94.0362
7/6/2012,93.774
8/6/2012,94.2024
11/6/2012,94.0369
12/6/2012,94.0693
13/6/2012,93.8309
14/6/2012,93.8152
15/6/2012,93.5203
18/6/2012,93.6431
19/6/2012,93.0524
20/6/2012,93.1602
21/6/2012,93.6378
22/6/2012,93.9205
25/6/2012,94.1757
26/6/2012,93.9859
27/6/2012,93.8728
28/6/2012,94.0203
29/6/2012,92.9096
2/7/2012,92.951
3/7/2012,92.6508
4/7/2012,
5/7/2012,93.2211
6/7/2012,93.7087
9/7/2012,93.6974
10/7/2012,93.5552
11/7/2012,93.5981
12/7/2012,93.9298
13/7/2012,93.5515
16/7/2012,93.3746
17/7/2012,93.3479
18/7/2012,93.0973
19/7/2012,93.0438
20/7/2012,93.3653
23/7/2012,93.9297
24/7/2012,94.2635
25/7/2012,94.0564
26/7/2012,93.3595
27/7/2012,92.9333
30/7/2012,93.0524
31/7/2012,92.8422
1/8/2012,92.8905
2/8/2012,93.4269
3/8/2012,92.6048
6/8/2012,92.4339
7/8/2012,92.5128
8/8/2012,92.5407
9/8/2012,92.6057
10/8/2012,92.5129
13/8/2012,92.5955
14/8/2012,92.6152
15/8/2012,92.6838
16/8/2012,92.5737
17/8/2012,92.711
20/8/2012,92.6263
21/8/2012,92.3053
22/8/2012,92.4362
23/8/2012,92.1057
24/8/2012,92.2785
27/8/2012,92.3135
28/8/2012,92.2033
29/8/2012,92.3823
30/8/2012,92.6239
31/8/2012,92.1677
3/9/2012,
4/9/2012,92.1582
5/9/2012,92.1262
6/9/2012,91.8973
7/9/2012,91.3469
10/9/2012,91.3102
11/9/2012,91.0575
12/9/2012,91.0477
13/9/2012,90.9632
14/9/2012,90.1436
17/9/2012,90.2837
18/9/2012,90.5029
19/9/2012,90.4646
20/9/2012,90.7631
21/9/2012,90.5342
24/9/2012,90.8263
25/9/2012,90.6074
26/9/2012,91.0028
27/9/2012,90.7538
28/9/2012,90.8342
1/10/2012,90.7011
2/10/2012,90.644
3/10/2012,90.8726
4/10/2012,90.4932
5/10/2012,90.2851
8/10/2012,
9/10/2012,90.8703
10/10/2012,90.883
11/10/2012,90.7437
12/10/2012,90.6833
15/10/2012,90.6409
16/10/2012,90.5583
17/10/2012,90.2309
18/10/2012,90.3804
19/10/2012,90.8107
22/10/2012,90.7911
23/10/2012,91.0945
24/10/2012,91.1275
25/10/2012,91.02
26/10/2012,91.1411
29/10/2012,
30/10/2012,
31/10/2012,91.1609
1/11/2012,91.1217
2/11/2012,91.281
5/11/2012,91.4778
6/11/2012,91.2908
7/11/2012,91.4514
8/11/2012,91.5375
9/11/2012,91.6871
12/11/2012,
13/11/2012,91.7356
14/11/2012,91.7942
15/11/2012,91.8837
16/11/2012,92.0095
19/11/2012,91.5653
20/11/2012,91.556
21/11/2012,91.6645
22/11/2012,
23/11/2012,91.2616
26/11/2012,91.2789
27/11/2012,91.2608
28/11/2012,91.33
29/11/2012,91.2104
30/11/2012,91.1038
3/12/2012,91.0084
4/12/2012,90.9748
5/12/2012,90.9423
6/12/2012,91.0629
7/12/2012,91.0437
10/12/2012,90.9631
11/12/2012,90.8403
12/12/2012,90.7708
13/12/2012,90.776
14/12/2012,90.7156
17/12/2012,90.6193
18/12/2012,90.5161
19/12/2012,90.4896
20/12/2012,90.6002
21/12/2012,90.9597
24/12/2012,91.0354
25/12/2012,
26/12/2012,91.0606
27/12/2012,91.1037
28/12/2012,91.0419
31/12/2012,91.0834
1/1/2013,
2/1/2013,90.6941
3/1/2013,90.8097
4/1/2013,91.1025
7/1/2013,90.9852
8/1/2013,91.057
9/1/2013,91.0088
10/1/2013,90.6425
11/1/2013,90.5352
14/1/2013,90.4935
15/1/2013,90.5191
16/1/2013,90.596
17/1/2013,90.5401
18/1/2013,90.8697
21/1/2013,
22/1/2013,90.7892
23/1/2013,90.8376
24/1/2013,90.9112
25/1/2013,91.0868
28/1/2013,91.2354
29/1/2013,90.9406
30/1/2013,90.8836
31/1/2013,90.798
1/2/2013,90.6923
4/2/2013,90.9774
5/2/2013,90.881
6/2/2013,91.0176
7/2/2013,91.2912
8/2/2013,91.3056
11/2/2013,91.4451
12/2/2013,91.2779
13/2/2013,91.2709
14/2/2013,91.366
15/2/2013,91.4551
18/2/2013,
19/2/2013,91.5073
20/2/2013,91.6689
21/2/2013,92.0394
22/2/2013,92.1197
25/2/2013,92.1975
26/2/2013,92.4247
27/2/2013,92.234
28/2/2013,92.295
1/3/2013,92.6177
4/3/2013,92.6316
5/3/2013,92.4965
6/3/2013,
7/3/2013,92.5462
8/3/2013,92.6252
11/3/2013,92.5351
12/3/2013,92.3853
13/3/2013,92.4709
14/3/2013,92.4695
15/3/2013,92.128
18/3/2013,92.3377
19/3/2013,92.526
20/3/2013,92.4141
21/3/2013,92.3322
22/3/2013,92.2051
25/3/2013,92.3081
26/3/2013,92.232
27/3/2013,92.446
28/3/2013,92.2544
29/3/2013,92.302
1/4/2013,92.1687
2/4/2013,92.1432
3/4/2013,92.104
4/4/2013,92.3896
5/4/2013,92.1043
8/4/2013,92.2317
9/4/2013,91.9669
10/4/2013,91.9598
11/4/2013,91.6972
12/4/2013,91.7967
15/4/2013,91.9457
16/4/2013,91.8451
17/4/2013,92.1372
18/4/2013,92.176
19/4/2013,92.2166
22/4/2013,92.3591
23/4/2013,92.3836
24/4/2013,92.4581
25/4/2013,92.0394
26/4/2013,91.9012
29/4/2013,91.6539
30/4/2013,91.3741
1/5/2013,91.4331
2/5/2013,91.6174
3/5/2013,91.5087
6/5/2013,91.6387
7/5/2013,91.5201
8/5/2013,91.1848
9/5/2013,91.3036
10/5/2013,92.2527
13/5/2013,92.2711
14/5/2013,92.3697
15/5/2013,92.7691
16/5/2013,92.6602
17/5/2013,93.1617
20/5/2013,93.0359
21/5/2013,92.9662
22/5/2013,93.3104
23/5/2013,93.2113
24/5/2013,93.2768
27/5/2013,
28/5/2013,93.5853
29/5/2013,93.531
30/5/2013,93.4219
31/5/2013,93.6076
3/6/2013,93.163
4/6/2013,93.3067
5/6/2013,93.275
6/6/2013,92.809
7/6/2013,92.6056
10/6/2013,92.973
11/6/2013,92.7996
12/6/2013,92.4775
13/6/2013,92.3449
14/6/2013,92.1886
17/6/2013,92.3332
18/6/2013,92.5432
19/6/2013,92.4755
20/6/2013,94.125
21/6/2013,94.4243
24/6/2013,94.5714
25/6/2013,94.3285
26/6/2013,94.3807
27/6/2013,94.2429
28/6/2013,94.3047
1/7/2013,94.0998
2/7/2013,94.4051
3/7/2013,94.4767
4/7/2013,
5/7/2013,95.0639
8/7/2013,94.9954
9/7/2013,94.9467
10/7/2013,94.7595
11/7/2013,93.949
12/7/2013,94.0029
15/7/2013,93.9729
16/7/2013,93.5232
17/7/2013,93.5498
18/7/2013,93.681
19/7/2013,93.4759
22/7/2013,93.2253
23/7/2013,93.1631
24/7/2013,93.3124
25/7/2013,93.2862
26/7/2013,93.1695
29/7/2013,93.1663
30/7/2013,93.3976
31/7/2013,93.5703
1/8/2013,93.7972
2/8/2013,93.5789
5/8/2013,93.507
6/8/2013,93.3199
7/8/2013,93.2652
8/8/2013,92.8483
9/8/2013,92.8394
12/8/2013,92.9178
13/8/2013,93.476
14/8/2013,93.382
15/8/2013,93.5059
16/8/2013,93.4255
19/8/2013,93.6623
20/8/2013,93.5536
21/8/2013,94.0362
22/8/2013,94.2804
23/8/2013,93.9466
26/8/2013,94.1853
27/8/2013,94.3934
28/8/2013,94.4127
29/8/2013,94.6398
30/8/2013,94.7541
2/9/2013,
3/9/2013,94.9574
4/9/2013,94.5739
5/9/2013,94.8891
6/9/2013,94.2487
9/9/2013,94.0009
10/9/2013,93.938
11/9/2013,93.7112
12/9/2013,93.5903
13/9/2013,93.6666
16/9/2013,93.2875
17/9/2013,93.2231
18/9/2013,93.2569
19/9/2013,92.4082
20/9/2013,92.6049
23/9/2013,92.613
24/9/2013,92.7691
25/9/2013,92.7675
26/9/2013,93.0096
27/9/2013,92.9747
30/9/2013,92.9207
1/10/2013,92.9515
2/10/2013,92.772
3/10/2013,92.7461
4/10/2013,92.6469
7/10/2013,92.6725
8/10/2013,92.7558
9/10/2013,93.0829
10/10/2013,92.8579
11/10/2013,92.854
14/10/2013,
15/10/2013,92.7642
16/10/2013,92.6819
17/10/2013,92.0246
18/10/2013,91.9989
21/10/2013,92.2498
22/10/2013,91.9563
23/10/2013,92.0947
24/10/2013,92.1867
25/10/2013,92.1623
28/10/2013,92.1872
29/10/2013,92.301
30/10/2013,92.3057
31/10/2013,92.731
1/11/2013,93.155
4/11/2013,92.9359
5/11/2013,93.2112
6/11/2013,93.0943
7/11/2013,93.4003
8/11/2013,93.6619
11/11/2013,
12/11/2013,93.7651
13/11/2013,93.4848
14/11/2013,93.4328
15/11/2013,93.2854
18/11/2013,92.9824
19/11/2013,93.0649
20/11/2013,93.2501
21/11/2013,93.5638
22/11/2013,93.4198
25/11/2013,93.5539
26/11/2013,93.5226
27/11/2013,93.6864
28/11/2013,
29/11/2013,93.6291
2/12/2013,93.8856
3/12/2013,93.8251
4/12/2013,93.8997
5/12/2013,93.4954
6/12/2013,93.4045
9/12/2013,93.1444
10/12/2013,
11/12/2013,93.0842
12/12/2013,93.4292
13/12/2013,93.3568
16/12/2013,93.2175
17/12/2013,93.302
18/12/2013,93.4207
19/12/2013,93.7368
20/12/2013,93.7211
23/12/2013,93.572
24/12/2013,93.6734
25/12/2013,
26/12/2013,93.766
27/12/2013,93.7018
30/12/2013,93.4866
31/12/2013,93.5576
1/1/2014,
2/1/2014,93.8192
3/1/2014,93.853
6/1/2014,93.9109
7/1/2014,94.0398
8/1/2014,94.2181
9/1/2014,94.3299
10/1/2014,94.0045
13/1/2014,93.899
14/1/2014,94.0303
15/1/2014,94.341
16/1/2014,94.5507
17/1/2014,94.5846
20/1/2014,
21/1/2014,94.679
22/1/2014,94.8479
23/1/2014,94.8415
24/1/2014,94.8555
27/1/2014,94.9059
28/1/2014,94.88
29/1/2014,94.8621
30/1/2014,95.1294
31/1/2014,95.1774
3/2/2014,95.2469
4/2/2014,95.0438
5/2/2014,95.0285
6/2/2014,94.7177
7/2/2014,94.7457
10/2/2014,94.7189
11/2/2014,94.6377
12/2/2014,94.6209
13/2/2014,
14/2/2014,94.2711
17/2/2014,
18/2/2014,94.1934
19/2/2014,94.38
20/2/2014,94.6571
21/2/2014,
24/2/2014,94.4042
25/2/2014,94.4735
26/2/2014,94.7754
27/2/2014,94.6722
28/2/2014,94.3879
3/3/2014,
4/3/2014,94.6568
5/3/2014,94.4679
6/3/2014,93.9858
7/3/2014,94.2532
10/3/2014,94.3731
11/3/2014,94.387
12/3/2014,94.462
13/3/2014,94.1872
14/3/2014,94.243
17/3/2014,
18/3/2014,94.2631
19/3/2014,94.3752
20/3/2014,94.9986
21/3/2014,94.8547
24/3/2014,94.759
25/3/2014,94.6379
26/3/2014,94.5281
27/3/2014,94.3315
28/3/2014,94.3683
31/3/2014,94.2432
1/4/2014,94.1244
2/4/2014,94.3103
3/4/2014,94.512
4/4/2014,94.2191
7/4/2014,94.0881
8/4/2014,93.6579
9/4/2014,93.6716
10/4/2014,93.5123
11/4/2014,93.6395
14/4/2014,93.8046
15/4/2014,93.9486
16/4/2014,93.9461
17/4/2014,93.8936
18/4/2014,93.9629
21/4/2014,94.0337
22/4/2014,94.0802
23/4/2014,94.149
24/4/2014,94.1294
25/4/2014,94.1623
28/4/2014,94.1374
29/4/2014,94.0295
30/4/2014,93.8896
1/5/2014,93.8707
2/5/2014,93.8182
5/5/2014,93.7334
6/5/2014,93.4324
7/5/2014,93.4337
8/5/2014,93.3686
9/5/2014,93.6614
12/5/2014,93.6537
13/5/2014,93.6755
14/5/2014,93.5968
15/5/2014,93.7065
16/5/2014,93.6073
19/5/2014,93.502
20/5/2014,93.6699
21/5/2014,93.7629
22/5/2014,93.6944
23/5/2014,93.7042
26/5/2014,
27/5/2014,93.8418
28/5/2014,93.8793
29/5/2014,93.6973
30/5/2014,93.7606
2/6/2014,94.0006
3/6/2014,94.0536
4/6/2014,94.1239
5/6/2014,93.9732
6/6/2014,93.9069
9/6/2014,93.9628
10/6/2014,94.0638
11/6/2014,93.9744
12/6/2014,93.8155
13/6/2014,93.9168
16/6/2014,93.8639
17/6/2014,94.0829
18/6/2014,94.0525
19/6/2014,93.752
20/6/2014,93.7591
23/6/2014,93.628
24/6/2014,93.7093
25/6/2014,93.5851
26/6/2014,93.5471
27/6/2014,93.3983
30/6/2014,93.2058
1/7/2014,93.1365
2/7/2014,93.2478
3/7/2014,93.3149
4/7/2014,
7/7/2014,93.3803
8/7/2014,93.323
9/7/2014,93.228
10/7/2014,93.3152
11/7/2014,93.4171
14/7/2014,93.4101
15/7/2014,93.5796
16/7/2014,93.5991
17/7/2014,93.6586
18/7/2014,93.6608
21/7/2014,93.6069
22/7/2014,93.6306
23/7/2014,93.5951
24/7/2014,93.6836
25/7/2014,93.8294
28/7/2014,93.83
29/7/2014,94.0443
30/7/2014,94.3473
31/7/2014,94.4467
1/8/2014,94.4754
4/8/2014,94.448
5/8/2014,94.6754
6/8/2014,94.6092
7/8/2014,94.6364
8/8/2014,94.6027
11/8/2014,94.4767
12/8/2014,94.5211
13/8/2014,94.4681
14/8/2014,94.3508
15/8/2014,94.2941
18/8/2014,94.2519
19/8/2014,94.4356
20/8/2014,94.5937
21/8/2014,94.673
22/8/2014,94.8012
25/8/2014,94.9159
26/8/2014,94.8617
27/8/2014,94.6863
28/8/2014,94.6947
29/8/2014,94.7251
1/9/2014,
2/9/2014,95.063
3/9/2014,94.8709
4/9/2014,95.2641
5/9/2014,95.2203
8/9/2014,95.4167
9/9/2014,95.8811
10/9/2014,95.8641
11/9/2014,95.9184
12/9/2014,96.0748
15/9/2014,96.1195
16/9/2014,95.8483
17/9/2014,95.9106
18/9/2014,96.1284
19/9/2014,96.3417
22/9/2014,96.4625
23/9/2014,96.5112
24/9/2014,96.6574
25/9/2014,96.8988
26/9/2014,97.208
29/9/2014,97.3523
30/9/2014,97.5261
1/10/2014,97.5387
2/10/2014,97.3062
3/10/2014,97.9846
6/10/2014,97.5513
7/10/2014,97.4459
8/10/2014,97.4945
9/10/2014,97.1711
10/10/2014,97.4144
13/10/2014,
14/10/2014,97.3943
15/10/2014,97.3532
16/10/2014,97.2869
17/10/2014,97.3067
20/10/2014,97.2874
21/10/2014,97.2488
22/10/2014,97.459
23/10/2014,97.6047
24/10/2014,97.4772
27/10/2014,97.5423
28/10/2014,97.2173
29/10/2014,97.0145
30/10/2014,97.456
31/10/2014,98.1163
3/11/2014,98.5336
4/11/2014,98.5576
5/11/2014,98.8086
6/11/2014,99.1325
7/11/2014,99.0236
10/11/2014,98.9305
11/11/2014,
12/11/2014,98.8897
13/11/2014,99.1045
14/11/2014,99.0917
17/11/2014,99.2188
18/11/2014,99.0185
19/11/2014,99.2424
20/11/2014,99.2554
21/11/2014,99.2894
24/11/2014,99.4227
25/11/2014,99.2837
26/11/2014,99.1893
27/11/2014,
28/11/2014,100.0719
1/12/2014,99.8964
2/12/2014,100.4478
3/12/2014,100.5696
4/12/2014,100.3931
5/12/2014,101.0989
8/12/2014,101.31
9/12/2014,100.8095
10/12/2014,101.0212
11/12/2014,101.4448
12/12/2014,101.3735
15/12/2014,101.674
16/12/2014,101.526
17/12/2014,101.5527
18/12/2014,101.7531
19/12/2014,102.0483
22/12/2014,101.9942
23/12/2014,102.348
24/12/2014,102.3028
25/12/2014,
26/12/2014,
29/12/2014,102.3767
30/12/2014,102.1019
31/12/2014,102.2843
1/1/2015,
2/1/2015,102.9027
5/1/2015,103.4976
6/1/2015,103.2938
7/1/2015,103.6316
8/1/2015,103.2799
9/1/2015,103.1213
12/1/2015,103.2372
13/1/2015,103.27
14/1/2015,103.0903
15/1/2015,103.0829
16/1/2015,103.2189
19/1/2015,
20/1/2015,103.5233
21/1/2015,103.7858
22/1/2015,103.9271
23/1/2015,104.3676
26/1/2015,104.4818
27/1/2015,104.1646
28/1/2015,104.4737
29/1/2015,105.2763
30/1/2015,105.5884
2/2/2015,105.2058
3/2/2015,104.6063
4/2/2015,104.785
5/2/2015,104.4915
6/2/2015,105.1283
9/2/2015,104.9889
10/2/2015,105.2897
11/2/2015,105.7901
12/2/2015,104.9385
13/2/2015,104.8452
16/2/2015,
17/2/2015,
18/2/2015,105.2514
19/2/2015,105.1407
20/2/2015,105.3387
23/2/2015,105.5359
24/2/2015,105.5472
25/2/2015,105.0503
26/2/2015,105.5021
27/2/2015,105.5981
2/3/2015,105.8151
3/3/2015,105.5562
4/3/2015,106.1333
5/3/2015,
6/3/2015,107.4337
9/3/2015,107.5199
10/3/2015,108.1165
11/3/2015,108.5235
12/3/2015,108.1741
13/3/2015,108.9174
16/3/2015,108.6422
17/3/2015,108.5805
18/3/2015,108.408
19/3/2015,108.1826
20/3/2015,107.1671
23/3/2015,106.5022
24/3/2015,106.4401
25/3/2015,106.2636
26/3/2015,106.5582
27/3/2015,106.8916
30/3/2015,107.3941
31/3/2015,107.4396
1/4/2015,107.06
2/4/2015,106.6738
3/4/2015,105.8861
6/4/2015,105.7876
7/4/2015,106.4488
8/4/2015,106.4231
9/4/2015,107.0335
10/4/2015,107.4526
13/4/2015,107.7508
14/4/2015,107.0547
15/4/2015,107.1855
16/4/2015,106.2761
17/4/2015,106.329
20/4/2015,106.4902
21/4/2015,106.5582
22/4/2015,106.5815
23/4/2015,106.1658
24/4/2015,105.905
27/4/2015,105.6891
28/4/2015,105.1234
29/4/2015,104.5634
30/4/2015,105.312
1/5/2015,105.6382
4/5/2015,105.6679
5/5/2015,105.2396
6/5/2015,104.6935
7/5/2015,105.1941
8/5/2015,104.8424
11/5/2015,105.3075
12/5/2015,104.8924
13/5/2015,104.3608
14/5/2015,104.2359
15/5/2015,104.0202
18/5/2015,104.6068
19/5/2015,105.3448
20/5/2015,105.5605
21/5/2015,105.3808
22/5/2015,105.8487
25/5/2015,
26/5/2015,106.7294
27/5/2015,106.908
28/5/2015,106.92
29/5/2015,106.7388
1/6/2015,107.2238
2/6/2015,106.4507
3/6/2015,106.1443
4/6/2015,106.4725
5/6/2015,107.1336
8/6/2015,106.7693
9/6/2015,106.2238
10/6/2015,105.8037
11/6/2015,106.0934
12/6/2015,105.9015
15/6/2015,105.9989
16/6/2015,106.0473
17/6/2015,106.058
18/6/2015,105.102
19/6/2015,105.4496
22/6/2015,105.3846
23/6/2015,105.9678
24/6/2015,106.2522
25/6/2015,106.1515
26/6/2015,106.4116
29/6/2015,106.3785
30/6/2015,106.5191
1/7/2015,107.0101
2/7/2015,106.9106
3/7/2015,
6/7/2015,107.1343
7/7/2015,107.785
8/7/2015,107.4734
9/7/2015,107.5595
10/7/2015,107.213
13/7/2015,107.5849
14/7/2015,107.4843
15/7/2015,108.0149
16/7/2015,108.1726
17/7/2015,108.5374
20/7/2015,108.6944
21/7/2015,108.3893
22/7/2015,108.7817
23/7/2015,108.7565
24/7/2015,109.0174
27/7/2015,108.6924
28/7/2015,108.6881
29/7/2015,108.604
30/7/2015,109.4328
31/7/2015,108.7819
3/8/2015,109.214
4/8/2015,109.2244
5/8/2015,109.842
6/8/2015,109.722
7/8/2015,109.4376
10/8/2015,109.1931
11/8/2015,109.9464
12/8/2015,109.4655
13/8/2015,109.9025
14/8/2015,109.9174
17/8/2015,110.1435
18/8/2015,110.2504
19/8/2015,110.4333
20/8/2015,110.1077
21/8/2015,110.1443
24/8/2015,109.9306
25/8/2015,110.3394
26/8/2015,110.5807
27/8/2015,110.4834
28/8/2015,110.6714
31/8/2015,110.5621
1/9/2015,110.4506
2/9/2015,110.7979
3/9/2015,110.8566
4/9/2015,111.1018
7/9/2015,
8/9/2015,110.7942
9/9/2015,110.9225
10/9/2015,110.6331
11/9/2015,110.6109
14/9/2015,110.5005
15/9/2015,110.6394
16/9/2015,110.1021
17/9/2015,110.1212
18/9/2015,109.8165
21/9/2015,110.6414
22/9/2015,111.1967
23/9/2015,111.6287
24/9/2015,111.4454
25/9/2015,111.3725
28/9/2015,111.3914
29/9/2015,111.5219
30/9/2015,111.3311
1/10/2015,111.0439
2/10/2015,110.7006
5/10/2015,110.4445
6/10/2015,110.1371
7/10/2015,109.8162
8/10/2015,109.6452
9/10/2015,109.0782
12/10/2015,
13/10/2015,109.4119
14/10/2015,109.1244
15/10/2015,108.6671
16/10/2015,108.9956
19/10/2015,109.3858
20/10/2015,109.3368
21/10/2015,109.7746
22/10/2015,110.0342
23/10/2015,110.4329
26/10/2015,110.2089
27/10/2015,110.4875
28/10/2015,110.2334
29/10/2015,110.8083
30/10/2015,110.2079
2/11/2015,110.2188
3/11/2015,110.244
4/11/2015,110.7139
5/11/2015,110.8302
6/11/2015,111.7603
9/11/2015,111.9112
10/11/2015,111.9919
11/11/2015,
12/11/2015,111.7965
13/11/2015,112.0264
16/11/2015,112.2199
17/11/2015,112.3141
18/11/2015,112.3663
19/11/2015,111.5749
20/11/2015,111.7799
23/11/2015,112.1125
24/11/2015,111.7638
25/11/2015,111.8936
26/11/2015,
27/11/2015,112.2824
30/11/2015,112.34
1/12/2015,112.1134
2/12/2015,112.3715
3/12/2015,111.6407
4/12/2015,111.5463
7/12/2015,112.3056
8/12/2015,112.5485
9/12/2015,112.1918
10/12/2015,112.2672
11/12/2015,112.7147
14/12/2015,112.7521
15/12/2015,112.8609
16/12/2015,112.9864
17/12/2015,113.8177
18/12/2015,113.2837
21/12/2015,113.4144
22/12/2015,113.211
23/12/2015,113.1847
24/12/2015,113.0496
25/12/2015,
28/12/2015,113.0461
29/12/2015,113.1664
30/12/2015,113.4707
31/12/2015,113.3429
1/1/2016,
4/1/2016,114.1595
5/1/2016,114.2649
6/1/2016,114.6177
7/1/2016,114.6516
8/1/2016,115.0095
11/1/2016,115.0139
12/1/2016,115.3128
13/1/2016,115.1425
14/1/2016,115.3846
15/1/2016,115.7404
18/1/2016,
19/1/2016,115.8155
20/1/2016,116.3498
21/1/2016,115.9833
22/1/2016,
25/1/2016,
26/1/2016,
27/1/2016,115.5087
28/1/2016,115.2224
29/1/2016,115.5731
1/2/2016,115.3331
2/2/2016,115.553
3/2/2016,114.6144
4/2/2016,113.6012
5/2/2016,114.2935
8/2/2016,114.4351
9/2/2016,114.127
10/2/2016,114.2877
11/2/2016,114.1845
12/2/2016,114.2992
15/2/2016,
16/2/2016,114.4905
17/2/2016,113.8634
18/2/2016,113.8897
19/2/2016,113.9558
22/2/2016,113.8232
23/2/2016,114.177
24/2/2016,114.1716
25/2/2016,113.9222
26/2/2016,114.3708
29/2/2016,114.2418
1/3/2016,113.9265
2/3/2016,113.7965
3/3/2016,113.2482
4/3/2016,112.6387
7/3/2016,112.6219
8/3/2016,112.8465
9/3/2016,112.4268
10/3/2016,112.4191
11/3/2016,111.741
14/3/2016,112.1688
15/3/2016,112.5545
16/3/2016,112.7759
17/3/2016,110.445
18/3/2016,110.4002
21/3/2016,110.737
22/3/2016,110.7877
23/3/2016,111.5473
24/3/2016,111.816
25/3/2016,111.7698
28/3/2016,111.3578
29/3/2016,111.3736
30/3/2016,110.2301
31/3/2016,109.9191
1/4/2016,110.2977
4/4/2016,110.3987
5/4/2016,110.9478
6/4/2016,110.5347
7/4/2016,110.8876
8/4/2016,110.4213
11/4/2016,109.9758
12/4/2016,109.816
13/4/2016,110.1436
14/4/2016,110.1691
15/4/2016,110.1933
18/4/2016,109.9892
19/4/2016,109.2782
20/4/2016,109.3926
21/4/2016,109.8533
22/4/2016,110.2331
25/4/2016,110.1865
26/4/2016,109.7496
27/4/2016,109.8483
28/4/2016,109.2148
29/4/2016,108.8274
2/5/2016,108.671
3/5/2016,109.3613
4/5/2016,109.9952
5/5/2016,110.2417
6/5/2016,110.3801
9/5/2016,110.9466
10/5/2016,110.8225
11/5/2016,110.2806
12/5/2016,110.6935
13/5/2016,111.2521
16/5/2016,111.1217
17/5/2016,111.0867
18/5/2016,111.4995
19/5/2016,112.2331
20/5/2016,112.1822
23/5/2016,112.284
24/5/2016,112.2912
25/5/2016,112.2001
26/5/2016,111.8979
27/5/2016,112.0822
30/5/2016,
31/5/2016,112.4276
1/6/2016,112.462
2/6/2016,112.4564
3/6/2016,111.4451
6/6/2016,111.2295
7/6/2016,110.8378
8/6/2016,110.1916
9/6/2016,110.6168
10/6/2016,111.1027
13/6/2016,111.5036
14/6/2016,111.9826
15/6/2016,111.7671
16/6/2016,112.2347
17/6/2016,111.5332
20/6/2016,110.8693
21/6/2016,111.0077
22/6/2016,110.7681
23/6/2016,110.262
24/6/2016,112.1355
27/6/2016,113.1301
28/6/2016,112.7545
29/6/2016,111.8597
30/6/2016,112.1618
1/7/2016,111.6509
4/7/2016,
5/7/2016,112.4231
6/7/2016,112.5438
7/7/2016,112.5775
8/7/2016,112.3963
11/7/2016,112.5254
12/7/2016,112.1102
13/7/2016,112.0266
14/7/2016,111.7692
15/7/2016,112.2833
18/7/2016,112.2463
19/7/2016,112.638
20/7/2016,112.6743
21/7/2016,112.6239
22/7/2016,112.989
25/7/2016,113.1784
26/7/2016,113.0593
27/7/2016,113.217
28/7/2016,112.7393
29/7/2016,111.874
1/8/2016,111.9757
2/8/2016,111.7124
3/8/2016,111.9419
4/8/2016,111.9149
5/8/2016,112.3589
8/8/2016,112.1456
9/8/2016,111.722
10/8/2016,111.3238
11/8/2016,111.1954
12/8/2016,111.1787
15/8/2016,110.9212
16/8/2016,110.4295
17/8/2016,110.9459
18/8/2016,110.3134
19/8/2016,110.8163
22/8/2016,110.9997
23/8/2016,110.9414
24/8/2016,111.2958
25/8/2016,111.1726
26/8/2016,111.2035
29/8/2016,111.8775
30/8/2016,112.2928
31/8/2016,112.4036
1/9/2016,112.1733
2/9/2016,112.0009
5/9/2016,
6/9/2016,110.9613
7/9/2016,110.9717
8/9/2016,111.2609
9/9/2016,111.9879
12/9/2016,112.1516
13/9/2016,112.5207
14/9/2016,112.4678
15/9/2016,112.4753
16/9/2016,113.1765
19/9/2016,112.903
20/9/2016,113.1848
21/9/2016,112.9842
22/9/2016,112.2592
23/9/2016,112.7166
26/9/2016,112.7112
27/9/2016,112.5515
28/9/2016,112.6283
29/9/2016,112.2879
30/9/2016,112.2795
3/10/2016,112.5077
4/10/2016,112.6579
5/10/2016,112.7946
6/10/2016,113.0066
7/10/2016,113.2915
10/10/2016,
11/10/2016,113.4461
12/10/2016,113.7442
13/10/2016,113.6238
14/10/2016,113.7119
17/10/2016,113.5488
18/10/2016,113.1393
19/10/2016,113.0547
20/10/2016,113.4033
21/10/2016,113.9015
24/10/2016,113.8571
25/10/2016,113.6801
26/10/2016,113.8131
27/10/2016,114.1998
28/10/2016,114.0931
31/10/2016,114.0188
1/11/2016,113.9915
2/11/2016,113.9206
3/11/2016,113.7664
4/11/2016,113.5828
7/11/2016,113.5443
8/11/2016,113.3017
9/11/2016,114.6956
10/11/2016,115.9375
11/11/2016,
14/11/2016,117.2245
15/11/2016,116.7724
16/11/2016,116.8062
17/11/2016,116.8952
18/11/2016,117.5936
21/11/2016,117.4762
22/11/2016,117.4508
23/11/2016,118.0356
24/11/2016,
25/11/2016,118.02
28/11/2016,117.7278
29/11/2016,117.644
30/11/2016,117.7636
1/12/2016,117.6642
2/12/2016,117.3116
5/12/2016,117.1008
6/12/2016,116.9225
7/12/2016,116.672
8/12/2016,117.0327
9/12/2016,117.2834
12/12/2016,116.9161
13/12/2016,116.8029
14/12/2016,116.7332
15/12/2016,118.8072
16/12/2016,118.3584
19/12/2016,118.3875
20/12/2016,118.63
21/12/2016,118.581
22/12/2016,118.8209
23/12/2016,118.7856
26/12/2016,
27/12/2016,118.9506
28/12/2016,119.2305
29/12/2016,118.6637
30/12/2016,118.3466
2/1/2017,
3/1/2017,119.0903
4/1/2017,118.8803
5/1/2017,117.9999
6/1/2017,118.3495
9/1/2017,118.4111
10/1/2017,118.5386
11/1/2017,119.0219
12/1/2017,117.8001
13/1/2017,117.9884
16/1/2017,
17/1/2017,117.2656
18/1/2017,117.7242
19/1/2017,118.3182
20/1/2017,
23/1/2017,117.2479
24/1/2017,117.0516
25/1/2017,116.9355
26/1/2017,117.2766
27/1/2017,117.0735
30/1/2017,116.7325
31/1/2017,116.2241
1/2/2017,116.3914
2/2/2017,115.903
3/2/2017,115.6259
6/2/2017,116.0504
7/2/2017,116.4082
8/2/2017,116.1382
9/2/2017,116.306
10/2/2017,116.148
13/2/2017,116.3427
14/2/2017,116.3949
15/2/2017,116.2162
16/2/2017,116.0067
17/2/2017,116.4035
20/2/2017,
21/2/2017,116.5921
22/2/2017,116.2136
23/2/2017,115.6527
24/2/2017,115.8143
27/2/2017,115.6764
28/2/2017,116.0032
1/3/2017,116.438
2/3/2017,116.8429
3/3/2017,116.6438
6/3/2017,116.4313
7/3/2017,116.4303
8/3/2017,116.875
9/3/2017,116.9959
10/3/2017,116.616
13/3/2017,116.4004
14/3/2017,116.5646
15/3/2017,116.3584
16/3/2017,115.4456
17/3/2017,115.2783
20/3/2017,115.0426
21/3/2017,114.8119
22/3/2017,114.7937
23/3/2017,114.7899
24/3/2017,114.6372
27/3/2017,114.2347
28/3/2017,114.419
29/3/2017,114.7167
30/3/2017,114.5245
31/3/2017,114.7938
3/4/2017,114.8734
4/4/2017,115.0038
5/4/2017,114.9494
6/4/2017,115.0181
7/4/2017,115.0547
10/4/2017,115.11
11/4/2017,115.009
12/4/2017,114.9162
13/4/2017,114.5059
14/4/2017,114.5368
17/4/2017,114.3283
18/4/2017,114.2575
19/4/2017,114.7923
20/4/2017,114.6205
21/4/2017,114.8128
24/4/2017,114.3659
25/4/2017,114.5111
26/4/2017,114.9479
27/4/2017,114.9946
28/4/2017,114.7877
1/5/2017,114.5921
2/5/2017,114.6792
3/5/2017,114.6637
4/5/2017,114.9076
5/5/2017,114.7725
8/5/2017,115.0895
9/5/2017,115.3933
10/5/2017,115.1145
11/5/2017,115.0669
12/5/2017,114.7479
15/5/2017,114.3504
16/5/2017,113.9923
17/5/2017,113.7506
18/5/2017,114.2683
19/5/2017,113.7001
22/5/2017,113.5442
23/5/2017,113.6862
24/5/2017,113.675
25/5/2017,113.3719
26/5/2017,113.4839
29/5/2017,
30/5/2017,113.5552
31/5/2017,113.2956
1/6/2017,113.3017
2/6/2017,113.1908
5/6/2017,112.9755
6/6/2017,112.7095
7/6/2017,112.8191
8/6/2017,112.8351
9/6/2017,112.9562
12/6/2017,112.9837
13/6/2017,112.6271
14/6/2017,112.0734
15/6/2017,112.8708
16/6/2017,112.6155
19/6/2017,112.7576
20/6/2017,113.2698
21/6/2017,113.3327
22/6/2017,113.1654
23/6/2017,112.8665
26/6/2017,112.7633
27/6/2017,112.55
28/6/2017,112.0747
29/6/2017,111.998
30/6/2017,111.9896
3/7/2017,112.4268
4/7/2017,
5/7/2017,112.6534
6/7/2017,112.4199
7/7/2017,112.3137
10/7/2017,112.1587
11/7/2017,112.1434
12/7/2017,111.5904
13/7/2017,111.5365
14/7/2017,110.9075
17/7/2017,110.9304
18/7/2017,110.4356
19/7/2017,110.4339
20/7/2017,110.2512
21/7/2017,110.191
24/7/2017,110.2004
25/7/2017,110.2835
26/7/2017,110.3811
27/7/2017,110.216
28/7/2017,109.92
31/7/2017,109.8177
1/8/2017,109.8495
2/8/2017,109.7503
3/8/2017,109.8332
4/8/2017,110.2808
7/8/2017,110.373
8/8/2017,110.396
9/8/2017,110.3671
10/8/2017,110.1886
11/8/2017,110.0422
14/8/2017,110.095
15/8/2017,110.4846
16/8/2017,110.4394
17/8/2017,110.1673
18/8/2017,110.041
21/8/2017,109.7349
22/8/2017,109.8386
23/8/2017,109.8095
24/8/2017,109.7524
25/8/2017,109.3415
28/8/2017,109.1815
29/8/2017,109.0946
30/8/2017,109.4052
31/8/2017,109.3686
1/9/2017,109.0504
4/9/2017,
5/9/2017,108.8664
6/9/2017,108.4897
7/9/2017,107.9224
8/9/2017,107.808
11/9/2017,108.153
12/9/2017,108.3239
13/9/2017,108.6628
14/9/2017,108.618
15/9/2017,108.3147
18/9/2017,108.6401
19/9/2017,108.6142
20/9/2017,108.4329
21/9/2017,108.9267
22/9/2017,108.7542
25/9/2017,109.3302
26/9/2017,109.7769
27/9/2017,110.0722
28/9/2017,110.2415
29/9/2017,110.0867
2/10/2017,110.3686
3/10/2017,110.3281
4/10/2017,110.2425
5/10/2017,110.5823
6/10/2017,110.7841
9/10/2017,
10/10/2017,110.3034
11/10/2017,110.3037
12/10/2017,110.3152
13/10/2017,110.2669
16/10/2017,110.5432
17/10/2017,110.9141
18/10/2017,110.7214
19/10/2017,110.4577
20/10/2017,111.0375
23/10/2017,111.2134
24/10/2017,111.4027
25/10/2017,111.3904
26/10/2017,111.6418
27/10/2017,112.1495
30/10/2017,111.901
31/10/2017,111.8052
1/11/2017,111.7942
2/11/2017,111.5474
3/11/2017,111.9383
6/11/2017,111.7197
7/11/2017,111.9446
8/11/2017,111.6935
9/11/2017,111.5626
10/11/2017,
13/11/2017,111.7833
14/11/2017,111.5097
15/11/2017,111.4809
16/11/2017,111.2568
17/11/2017,111.0016
20/11/2017,111.2599
21/11/2017,110.9828
22/11/2017,110.5632
23/11/2017,
24/11/2017,110.0253
27/11/2017,110.1136
28/11/2017,110.3018
29/11/2017,110.3265
30/11/2017,110.4648
1/12/2017,110.1413
4/12/2017,110.397
5/12/2017,110.4905
6/12/2017,110.8711
7/12/2017,111.0178
8/12/2017,111.2273
11/12/2017,111.0827
12/12/2017,111.5214
13/12/2017,111.2759
14/12/2017,111.0893
15/12/2017,111.1286
18/12/2017,110.9086
19/12/2017,111.1255
20/12/2017,110.8361
21/12/2017,110.8786
22/12/2017,111.0997
25/12/2017,
26/12/2017,110.9758
27/12/2017,110.8553
28/12/2017,110.5154
29/12/2017,110.0783
1/1/2018,
2/1/2018,109.6444
3/1/2018,109.6751
4/1/2018,109.4779
5/1/2018,109.3496
8/1/2018,109.5678
9/1/2018,109.9022
10/1/2018,109.6277
11/1/2018,109.4887
12/1/2018,108.9011
15/1/2018,
16/1/2018,108.322
17/1/2018,108.1526
18/1/2018,108.0655
19/1/2018,107.9454
22/1/2018,108.1069
23/1/2018,107.9981
24/1/2018,107.0801
25/1/2018,106.5052
26/1/2018,106.6909
29/1/2018,107.1141
30/1/2018,107.1063
31/1/2018,106.7695
1/2/2018,106.4877
2/2/2018,107.1154
5/2/2018,107.3303
6/2/2018,107.5206
7/2/2018,107.7173
8/2/2018,108.3021
9/2/2018,108.2579
12/2/2018,108.0332
13/2/2018,107.7575
14/2/2018,107.4693
15/2/2018,106.9869
16/2/2018,107.0359
19/2/2018,
20/2/2018,107.6248
21/2/2018,107.8679
22/2/2018,107.8668
23/2/2018,107.6802
26/2/2018,107.7345
27/2/2018,108.1729
28/2/2018,108.3901
1/3/2018,108.5357
2/3/2018,
5/3/2018,108.3617
6/3/2018,107.7972
7/3/2018,108.0916
8/3/2018,108.2673
9/3/2018,107.9231
12/3/2018,107.9439
13/3/2018,107.7387
14/3/2018,107.8625
15/3/2018,108.2033
16/3/2018,108.4333
19/3/2018,108.3146
20/3/2018,108.4953
21/3/2018,
22/3/2018,107.9934
23/3/2018,107.7495
26/3/2018,107.182
27/3/2018,107.3361
28/3/2018,107.5733
29/3/2018,107.665
30/3/2018,107.4783
2/4/2018,107.7031
3/4/2018,107.5621
4/4/2018,107.636
5/4/2018,107.7279
6/4/2018,107.7884
9/4/2018,107.5312
10/4/2018,107.3651
11/4/2018,107.1216
12/4/2018,107.2897
13/4/2018,107.2359
16/4/2018,107.0588
17/4/2018,107.0335
18/4/2018,107.1091
19/4/2018,107.5191
20/4/2018,108.1782
23/4/2018,108.9328
24/4/2018,108.7903
25/4/2018,109.3443
26/4/2018,109.3639
27/4/2018,109.1729
30/4/2018,109.3356
1/5/2018,109.7437
2/5/2018,110.1616
3/5/2018,110.1796
4/5/2018,110.2492
7/5/2018,110.5713
8/5/2018,111.062
9/5/2018,110.8807
10/5/2018,110.4041
11/5/2018,110.2839
14/5/2018,110.4073
15/5/2018,111.2283
16/5/2018,111.3057
17/5/2018,111.3537
18/5/2018,111.7161
21/5/2018,111.6385
22/5/2018,111.1934
23/5/2018,111.6919
24/5/2018,111.4871
25/5/2018,111.5828
28/5/2018,
29/5/2018,112.2108
30/5/2018,111.6717
31/5/2018,111.988
1/6/2018,111.8253
4/6/2018,111.8235
5/6/2018,112.2628
6/6/2018,111.7517
7/6/2018,112.0719
8/6/2018,112.1057
11/6/2018,112.1097
12/6/2018,112.2129
13/6/2018,112.2569
14/6/2018,112.8581
15/6/2018,113.3369
18/6/2018,113.4889
19/6/2018,113.6379
20/6/2018,113.4774
21/6/2018,113.61
22/6/2018,113.3039
25/6/2018,113.2854
26/6/2018,113.301
27/6/2018,113.8964
28/6/2018,113.8399
29/6/2018,113.2583
2/7/2018,114.1669
3/7/2018,113.3217
4/7/2018,
5/7/2018,112.9756
6/7/2018,112.6426
9/7/2018,112.6423
10/7/2018,112.5792
11/7/2018,112.8582
12/7/2018,112.779
13/7/2018,113.0705
16/7/2018,112.8438
17/7/2018,113.1504
18/7/2018,113.3349
19/7/2018,113.9464
20/7/2018,113.3214
23/7/2018,113.4248
24/7/2018,113.2043
25/7/2018,112.9217
26/7/2018,112.9175
27/7/2018,112.8122
30/7/2018,112.6043
31/7/2018,112.7297
1/8/2018,112.8897
2/8/2018,113.1674
3/8/2018,113.0114
6/8/2018,113.2283
7/8/2018,112.9753
8/8/2018,113.1404
9/8/2018,113.3797
10/8/2018,114.2992
13/8/2018,114.8497
14/8/2018,114.6566
15/8/2018,115.1512
16/8/2018,114.6403
17/8/2018,114.5327
20/8/2018,114.3493
21/8/2018,113.8595
22/8/2018,113.6622
23/8/2018,114.0926
24/8/2018,113.598
27/8/2018,113.2717
28/8/2018,113.3441
29/8/2018,113.6458
30/8/2018,114.0895
31/8/2018,114.275
3/9/2018,
4/9/2018,114.858
5/9/2018,114.7474
6/9/2018,114.6473
7/9/2018,114.5807
10/9/2018,114.6793
11/9/2018,114.7044
12/9/2018,114.2185
13/9/2018,113.9264
14/9/2018,114.0654
17/9/2018,113.9154
18/9/2018,113.7735
19/9/2018,113.6528
20/9/2018,113.4986
21/9/2018,113.5097
24/9/2018,113.53
25/9/2018,113.7203
26/9/2018,113.6738
27/9/2018,113.9782
28/9/2018,113.8072
1/10/2018,113.8227
2/10/2018,113.8946
3/10/2018,114.1559
4/10/2018,114.6857
5/10/2018,114.5599
8/10/2018,
9/10/2018,114.6568
10/10/2018,114.6059
11/10/2018,114.4062
12/10/2018,114.368
15/10/2018,114.044
16/10/2018,113.8952
17/10/2018,114.1743
18/10/2018,114.8152
19/10/2018,114.8557
22/10/2018,115.1772
23/10/2018,115.1641
24/10/2018,115.3743
25/10/2018,115.4818
26/10/2018,115.4717
29/10/2018,115.8925
30/10/2018,116.2346
31/10/2018,116.5268
1/11/2018,115.8643
2/11/2018,115.6415
5/11/2018,115.7015
6/11/2018,115.5607
7/11/2018,115.2505
8/11/2018,115.6463
9/11/2018,116.4762
12/11/2018,
13/11/2018,116.6676
14/11/2018,116.4964
15/11/2018,116.3849
16/11/2018,115.9246
19/11/2018,115.985
20/11/2018,116.2357
21/11/2018,116.0911
22/11/2018,
23/11/2018,116.4703
26/11/2018,116.6198
27/11/2018,116.8991
28/11/2018,116.8333
29/11/2018,116.1954
30/11/2018,116.4121
3/12/2018,115.9046
4/12/2018,116.0015
5/12/2018,
6/12/2018,116.3983
7/12/2018,116.0839
10/12/2018,116.6739
11/12/2018,116.7556
12/12/2018,116.2205
13/12/2018,116.3967
14/12/2018,116.7891
17/12/2018,116.4524
18/12/2018,116.4122
19/12/2018,116.0672
20/12/2018,116.0179
21/12/2018,116.2221
24/12/2018,116.2177
25/12/2018,
26/12/2018,116.1156
27/12/2018,115.9922
28/12/2018,115.7226
31/12/2018,115.5667
1/1/2019,
2/1/2019,115.7676
3/1/2019,115.4611
4/1/2019,114.9813
7/1/2019,114.5621
8/1/2019,114.7272
9/1/2019,114.1394
10/1/2019,114.048
11/1/2019,114.0383
14/1/2019,
15/1/2019,114.3374
16/1/2019,114.1341
17/1/2019,114.4087
18/1/2019,114.5555
21/1/2019,
22/1/2019,114.7515
23/1/2019,114.5732
24/1/2019,114.614
25/1/2019,114.0168
28/1/2019,114.0493
29/1/2019,114.0227
30/1/2019,114.0705
31/1/2019,113.5476
1/2/2019,113.7524
4/2/2019,113.8738
5/2/2019,114.0404
6/2/2019,114.2275
7/2/2019,114.4308
8/2/2019,114.4975
11/2/2019,115.0288
12/2/2019,114.7278
13/2/2019,114.9388
14/2/2019,115.0984
15/2/2019,114.9899
18/2/2019,
19/2/2019,114.5676
20/2/2019,
21/2/2019,114.507
22/2/2019,114.2692
25/2/2019,114.1432
26/2/2019,114.0662
27/2/2019,114.0337
28/2/2019,114.1971
1/3/2019,114.535
4/3/2019,114.6903
5/3/2019,114.8019
6/3/2019,114.9697
7/3/2019,115.4905
8/3/2019,115.3585
11/3/2019,115.2953
12/3/2019,114.9376
13/3/2019,114.7361
14/3/2019,114.7891
15/3/2019,114.5808
18/3/2019,114.4368
19/3/2019,114.2313
20/3/2019,114.1497
21/3/2019,114.1672
22/3/2019,114.6845
25/3/2019,114.4158
26/3/2019,114.6404
27/3/2019,115.1236
28/3/2019,115.2575
29/3/2019,115.1364
1/4/2019,114.935
2/4/2019,115.1164
3/4/2019,114.7204
4/4/2019,114.9687
5/4/2019,114.9714
8/4/2019,114.6879
9/4/2019,114.5307
10/4/2019,114.4255
11/4/2019,114.629
12/4/2019,114.3517
15/4/2019,114.4936
16/4/2019,114.6745
17/4/2019,114.5128
18/4/2019,114.7057
19/4/2019,114.6961
22/4/2019,114.7679
23/4/2019,115.1563
24/4/2019,115.4172
25/4/2019,115.7692
26/4/2019,115.4749
29/4/2019,115.5213
30/4/2019,115.3268
1/5/2019,115.0008
2/5/2019,115.5607
3/5/2019,115.2635
6/5/2019,115.38
7/5/2019,115.6104
8/5/2019,115.5161
9/5/2019,115.8414
10/5/2019,115.5327
13/5/2019,115.9142
14/5/2019,115.942
15/5/2019,115.8561
16/5/2019,116.0343
17/5/2019,116.4481
20/5/2019,116.3126
21/5/2019,116.2847
22/5/2019,116.2414
23/5/2019,116.2369
24/5/2019,116.0809
27/5/2019,
28/5/2019,116.3178
29/5/2019,116.5533
30/5/2019,116.3986
31/5/2019,116.7279
3/6/2019,116.4777
4/6/2019,116.0919
5/6/2019,116.0309
6/6/2019,115.9788
7/6/2019,115.7386
10/6/2019,115.5012
11/6/2019,115.3803
12/6/2019,115.4388
13/6/2019,115.6281
14/6/2019,115.9059
17/6/2019,115.9687
18/6/2019,115.8798
19/6/2019,115.7891
20/6/2019,114.8046
21/6/2019,114.8378
24/6/2019,114.6568
25/6/2019,114.6373
26/6/2019,114.5619
27/6/2019,114.6663
28/6/2019,114.5834
1/7/2019,114.7247
2/7/2019,114.8268
3/7/2019,114.8145
4/7/2019,
5/7/2019,115.1143
8/7/2019,115.0263
9/7/2019,115.1026
10/7/2019,115.0897
11/7/2019,114.8375
12/7/2019,114.7696
15/7/2019,114.6831
16/7/2019,115.0124
17/7/2019,114.8829
18/7/2019,114.8751
19/7/2019,114.8702
22/7/2019,115.0026
23/7/2019,115.3001
24/7/2019,115.2441
25/7/2019,115.2987
26/7/2019,115.5454
29/7/2019,115.5896
30/7/2019,115.6222
31/7/2019,115.4955
1/8/2019,116.0509
2/8/2019,116.1874
5/8/2019,116.587
6/8/2019,116.6921
7/8/2019,116.8003
8/8/2019,116.4756
9/8/2019,116.4432
12/8/2019,116.7567
13/8/2019,116.7283
14/8/2019,117.0926
15/8/2019,117.2247
16/8/2019,117.0796
19/8/2019,117.39
20/8/2019,117.3738
21/8/2019,117.1778
22/8/2019,117.357
23/8/2019,117.3027
26/8/2019,117.668
27/8/2019,117.7525
28/8/2019,117.8792
29/8/2019,118.0652
30/8/2019,118.16
2/9/2019,
3/9/2019,118.313
4/9/2019,117.6745
5/9/2019,117.4791
6/9/2019,117.1305
9/9/2019,117.0617
10/9/2019,117.09
11/9/2019,117.3138
12/9/2019,116.8391
13/9/2019,116.769
16/9/2019,117.0261
17/9/2019,116.9839
18/9/2019,116.9779
19/9/2019,117.0877
20/9/2019,117.1835
23/9/2019,117.3006
24/9/2019,117.2247
25/9/2019,117.6549
26/9/2019,117.729
27/9/2019,117.7246
30/9/2019,117.9488
1/10/2019,117.9621
2/10/2019,117.9694
3/10/2019,117.6628
4/10/2019,117.5306
7/10/2019,117.5552
8/10/2019,117.7423
9/10/2019,117.6854
10/10/2019,117.282
11/10/2019,116.8257
14/10/2019,
15/10/2019,116.8122
16/10/2019,116.6438
17/10/2019,116.2631
18/10/2019,116.1359
21/10/2019,116.0453
22/10/2019,115.9868
23/10/2019,116.0601
24/10/2019,116.1291
25/10/2019,116.0788
28/10/2019,116.0236
29/10/2019,115.9811
30/10/2019,116.1649
31/10/2019,115.9137
1/11/2019,115.7324
4/11/2019,115.8637
5/11/2019,116.1149
6/11/2019,116.1012
7/11/2019,116.1179
8/11/2019,116.344
11/11/2019,
12/11/2019,116.5843
13/11/2019,116.8404
14/11/2019,116.8031
15/11/2019,116.4409
18/11/2019,116.3634
19/11/2019,116.5402
20/11/2019,116.8293
21/11/2019,116.7447
22/11/2019,116.9148
25/11/2019,117.0109
26/11/2019,117.0529
27/11/2019,117.1292
28/11/2019,
29/11/2019,117.1218
2/12/2019,116.9664
3/12/2019,116.8916
4/12/2019,116.6938
5/12/2019,116.3857
6/12/2019,116.5394
9/12/2019,116.3296
10/12/2019,116.2557
11/12/2019,116.1492
12/12/2019,115.8755
13/12/2019,115.6976
16/12/2019,115.5559
17/12/2019,115.5561
18/12/2019,115.6627
19/12/2019,115.5997
20/12/2019,115.7604
23/12/2019,115.8066
24/12/2019,
25/12/2019,
26/12/2019,115.6347
27/12/2019,115.2207
30/12/2019,114.9639
31/12/2019,114.6697
1/1/2020,
2/1/2020,114.9746
3/1/2020,114.9862
6/1/2020,114.9552
7/1/2020,115.1467
8/1/2020,115.1318
9/1/2020,115.2325
10/1/2020,115.0671
13/1/2020,115.0337
14/1/2020,115.0233
15/1/2020,114.9526
16/1/2020,114.9999
17/1/2020,115.0642
20/1/2020,
21/1/2020,115.1865
22/1/2020,115.2264
23/1/2020,115.5537
24/1/2020,115.5545
27/1/2020,115.7994
28/1/2020,115.7226
29/1/2020,115.6986
30/1/2020,115.8065
31/1/2020,115.7342
3/2/2020,116.1176
4/2/2020,115.929
5/2/2020,116.0082
6/2/2020,116.1508
7/2/2020,116.5075
10/2/2020,116.5701
11/2/2020,116.3572
12/2/2020,116.2777
13/2/2020,116.398
14/2/2020,116.42
17/2/2020,
18/2/2020,116.6016
19/2/2020,116.7802
20/2/2020,117.2434
21/2/2020,117.0456
24/2/2020,117.401
25/2/2020,117.2417
26/2/2020,117.4048
27/2/2020,117.3686
28/2/2020,117.6573
2/3/2020,116.8148
3/3/2020,116.4958
4/3/2020,116.7799
5/3/2020,116.7913
6/3/2020,116.7132
9/3/2020,117.1927
10/3/2020,117.9082
11/3/2020,118.2564
12/3/2020,120.4945
13/3/2020,120.4439
16/3/2020,120.9417
17/3/2020,122.4875
18/3/2020,124.1693
19/3/2020,125.0662
20/3/2020,124.9425
23/3/2020,126.1342
24/3/2020,125.5092
25/3/2020,124.7995
26/3/2020,122.4384
27/3/2020,122.4097
30/3/2020,123.2997
31/3/2020,122.5394
1/4/2020,123.8033
2/4/2020,123.5994
3/4/2020,124.4237
6/4/2020,124.1692
7/4/2020,123.1038
8/4/2020,123.2299
9/4/2020,122.4834
10/4/2020,122.1668
13/4/2020,122.5282
14/4/2020,122.1204
15/4/2020,123.084
16/4/2020,123.4698
17/4/2020,122.8791
20/4/2020,123.1121
21/4/2020,123.9207
22/4/2020,123.9354
23/4/2020,123.7645
24/4/2020,124.172
27/4/2020,123.8954
28/4/2020,123.3794
29/4/2020,122.7877
30/4/2020,122.3375
1/5/2020,123.1615
4/5/2020,123.2224
5/5/2020,122.8117
6/5/2020,123.6188
7/5/2020,123.1339
8/5/2020,122.5465
11/5/2020,123.2423
12/5/2020,123.0694
13/5/2020,123.5512
14/5/2020,123.6524
15/5/2020,123.608
18/5/2020,122.8055
19/5/2020,122.5744
20/5/2020,122.1093
21/5/2020,122.099
22/5/2020,122.3278
25/5/2020,
26/5/2020,121.3933
27/5/2020,121.5741
28/5/2020,121.0207
29/5/2020,120.953
1/6/2020,120.2753
2/6/2020,119.692
3/6/2020,119.2625
4/6/2020,119.3094
5/6/2020,118.8202
8/6/2020,118.6687
9/6/2020,118.5967
10/6/2020,118.5307
11/6/2020,119.2435
12/6/2020,119.6719
15/6/2020,119.9622
16/6/2020,119.5744
17/6/2020,119.918
18/6/2020,120.2252
19/6/2020,120.226
22/6/2020,119.7613
23/6/2020,119.3372
24/6/2020,119.9834
25/6/2020,120.3089
26/6/2020,120.5425
29/6/2020,120.6757
30/6/2020,120.4746
1/7/2020,120.0902
2/7/2020,119.8648
3/7/2020,
6/7/2020,119.2941
7/7/2020,119.5814
8/7/2020,119.5625
9/7/2020,119.5221
10/7/2020,119.3601
13/7/2020,119.1984
14/7/2020,119.3999
15/7/2020,119.0423
16/7/2020,118.9368
17/7/2020,119.134
20/7/2020,119.0588
21/7/2020,118.4145
22/7/2020,118.1446
23/7/2020,118.0724
24/7/2020,118.1445
27/7/2020,117.3982
28/7/2020,117.3301
29/7/2020,117.2242
30/7/2020,117.4133
31/7/2020,117.2208
3/8/2020,117.8199
4/8/2020,117.7962
5/8/2020,116.8865
6/8/2020,117.055
7/8/2020,117.6365
10/8/2020,117.5946
11/8/2020,117.3902
12/8/2020,117.2679
13/8/2020,117.1313
14/8/2020,116.9512
17/8/2020,116.7609
18/8/2020,116.5722
19/8/2020,116.5789
20/8/2020,116.8243
21/8/2020,117.0682
24/8/2020,116.9238
25/8/2020,116.8324
26/8/2020,116.6358
27/8/2020,116.6614
28/8/2020,115.9506
31/8/2020,115.7717
1/9/2020,115.5814
2/9/2020,116.0423
3/9/2020,116.0799
4/9/2020,116.0457
7/9/2020,
8/9/2020,116.4725
9/9/2020,116.1396
10/9/2020,115.8906
11/9/2020,116.0963
14/9/2020,115.6523
15/9/2020,115.5996
16/9/2020,115.3623
17/9/2020,115.4476
18/9/2020,115.248
21/9/2020,116.3873
22/9/2020,116.5529
23/9/2020,117.2631
24/9/2020,117.5578
25/9/2020,117.8786
28/9/2020,117.629
29/9/2020,117.5379
30/9/2020,116.957
1/10/2020,116.7339
2/10/2020,116.7424
5/10/2020,116.187
6/10/2020,116.2781
7/10/2020,116.3548
8/10/2020,116.1753
9/10/2020,115.2843
12/10/2020,
13/10/2020,115.9193
14/10/2020,115.6959
15/10/2020,116.1046
16/10/2020,115.7754
19/10/2020,115.4109
20/10/2020,115.2558
21/10/2020,114.9185
22/10/2020,115.1234
23/10/2020,115.0198
26/10/2020,115.2872
27/10/2020,115.0206
28/10/2020,115.8099
29/10/2020,116.3138
30/10/2020,116.1417
2/11/2020,116.2425
3/11/2020,115.4864
4/11/2020,115.1733
5/11/2020,114.4615
6/11/2020,113.9977
9/11/2020,114.0942
10/11/2020,114.0802
11/11/2020,
12/11/2020,114.2889
13/11/2020,114.2445
16/11/2020,113.8356
17/11/2020,113.6864
18/11/2020,113.4645
19/11/2020,113.6982
20/11/2020,113.4932
23/11/2020,113.759
24/11/2020,113.4361
25/11/2020,113.1871
26/11/2020,
27/11/2020,
30/11/2020,113.2308
1/12/2020,112.8122
2/12/2020,112.6174
3/12/2020,112.0293
4/12/2020,111.7826
7/12/2020,111.8431
8/12/2020,111.8684
9/12/2020,112.0353
10/12/2020,111.9839
11/12/2020,112.1469
14/12/2020,112.177
15/12/2020,111.866
16/12/2020,111.7215
17/12/2020,111.2286
18/12/2020,111.6136
21/12/2020,111.9477
22/12/2020,112.201
23/12/2020,111.9873
24/12/2020,
25/12/2020,
28/12/2020,111.9821
29/12/2020,111.524
30/12/2020,111.3156
31/12/2020,111.324
1/1/2021,
4/1/2021,111.2143
5/1/2021,110.9649
6/1/2021,110.8573
7/1/2021,111.3124
8/1/2021,111.293
11/1/2021,111.8342
12/1/2021,111.5584
13/1/2021,111.3702
14/1/2021,111.1639
15/1/2021,111.5168
18/1/2021,
19/1/2021,111.4591
20/1/2021,
21/1/2021,111.2044
22/1/2021,111.5602
25/1/2021,111.8767
26/1/2021,111.6661
27/1/2021,112.0876
28/1/2021,112.015
29/1/2021,111.9604
1/2/2021,112.4282
2/2/2021,112.2937
3/2/2021,112.2648
4/2/2021,112.756
5/2/2021,112.2463
8/2/2021,112.0512
9/2/2021,111.7768
10/2/2021,111.5929
11/2/2021,111.5364
12/2/2021,111.4981
15/2/2021,
16/2/2021,111.7984
17/2/2021,112.03
18/2/2021,112.1718
19/2/2021,111.7179
22/2/2021,111.9316
23/2/2021,111.911
24/2/2021,111.7339
25/2/2021,111.9402
26/2/2021,112.8433
1/3/2021,112.538
2/3/2021,112.5472
3/3/2021,112.7761
4/3/2021,112.717
5/3/2021,113.7626
8/3/2021,114.2824
9/3/2021,113.9431
10/3/2021,113.6015
11/3/2021,112.9345
12/3/2021,113.0403
15/3/2021,113.2065
16/3/2021,112.997
17/3/2021,113.1726
18/3/2021,112.7872
19/3/2021,112.9877
22/3/2021,113.0154
23/3/2021,113.3038
24/3/2021,113.669
25/3/2021,114.014
26/3/2021,113.7532
29/3/2021,113.9447
30/3/2021,114.2152
31/3/2021,113.8351
1/4/2021,113.7504
2/4/2021,113.7429
5/4/2021,113.406
6/4/2021,113.1575
7/4/2021,113.254
8/4/2021,113.1015
9/4/2021,113.2132
12/4/2021,113.1916
13/4/2021,113.0489
14/4/2021,112.7951
15/4/2021,112.6274
16/4/2021,112.4913
19/4/2021,112.1929
20/4/2021,112.2444
21/4/2021,112.1862
22/4/2021,112.2385
23/4/2021,112.0981
26/4/2021,111.8207
27/4/2021,111.9203
28/4/2021,111.8015
29/4/2021,111.7583
30/4/2021,112.0959
3/5/2021,112.0176
4/5/2021,112.3021
5/5/2021,112.1639
6/5/2021,111.8525
7/5/2021,111.0372
10/5/2021,110.803
11/5/2021,110.904
12/5/2021,111.5762
13/5/2021,111.6079
14/5/2021,111.1476
17/5/2021,111.0913
18/5/2021,110.8446
19/5/2021,110.8933
20/5/2021,110.8741
21/5/2021,111.0714
24/5/2021,110.9254
25/5/2021,110.8557
26/5/2021,110.8814
27/5/2021,110.8829
28/5/2021,110.7711
31/5/2021,
1/6/2021,110.5179
2/6/2021,110.5924
3/6/2021,111.1905
4/6/2021,110.7645
7/6/2021,110.5275
8/6/2021,110.6608
9/6/2021,110.582
10/6/2021,110.557
11/6/2021,111.1052
14/6/2021,110.9779
15/6/2021,111.3634
16/6/2021,111.1287
17/6/2021,112.5881
18/6/2021,113.0517
21/6/2021,112.8506
22/6/2021,112.929
23/6/2021,112.3931
24/6/2021,112.3357
25/6/2021,111.9742
28/6/2021,112.033
29/6/2021,112.2692
30/6/2021,112.5613
1/7/2021,112.7484
2/7/2021,112.5507
5/7/2021,
6/7/2021,112.9602
7/7/2021,113.1136
8/7/2021,113.0863
9/7/2021,112.8468
12/7/2021,112.7701
13/7/2021,113.0153
14/7/2021,112.8885
15/7/2021,113.0122
16/7/2021,113.0504
19/7/2021,113.5547
20/7/2021,113.7582
21/7/2021,113.4018
22/7/2021,113.4788
23/7/2021,113.4486
26/7/2021,113.2335
27/7/2021,113.2321
28/7/2021,113.1899
29/7/2021,112.4927
30/7/2021,112.6808
2/8/2021,112.6784
3/8/2021,112.8331
4/8/2021,112.906
5/8/2021,112.778
6/8/2021,113.3192
9/8/2021,113.4625
10/8/2021,113.5072
11/8/2021,113.2917
12/8/2021,113.278
13/8/2021,113.0708
16/8/2021,113.179
17/8/2021,113.6263
18/8/2021,113.705
19/8/2021,114.1195
20/8/2021,114.5108
23/8/2021,113.9526
24/8/2021,113.6899
25/8/2021,113.6424
26/8/2021,113.7986
27/8/2021,113.3511
30/8/2021,113.256
31/8/2021,113.1175
1/9/2021,112.8832
2/9/2021,112.7966
3/9/2021,112.558
6/9/2021,
7/9/2021,112.9892
8/9/2021,113.2414
9/9/2021,113.053
10/9/2021,112.9519
13/9/2021,113.0432
14/9/2021,113.0151
15/9/2021,112.9862
16/9/2021,113.3122
17/9/2021,113.6074
20/9/2021,113.9511
21/9/2021,113.8266
22/9/2021,113.631
23/9/2021,113.5224
24/9/2021,113.7694
27/9/2021,113.7532
28/9/2021,114.2571
29/9/2021,114.7191
30/9/2021,114.6504
1/10/2021,114.3899
4/10/2021,114.2847
5/10/2021,114.3767
6/10/2021,114.7292
7/10/2021,114.5156
8/10/2021,114.6108
11/10/2021,
12/10/2021,114.7667
13/10/2021,114.4827
14/10/2021,114.2181
15/10/2021,114.1033
18/10/2021,114.0022
19/10/2021,113.6595
20/10/2021,113.521
21/10/2021,113.6322
22/10/2021,113.6828
25/10/2021,113.6172
26/10/2021,113.6863
27/10/2021,113.6342
28/10/2021,113.453
29/10/2021,114.149
1/11/2021,114.2231
2/11/2021,114.2997
3/11/2021,114.3754
4/11/2021,114.37
5/11/2021,114.0865
8/11/2021,113.8391
9/11/2021,113.7746
10/11/2021,114.1611
11/11/2021,
12/11/2021,114.5263
15/11/2021,114.6003
16/11/2021,115.149
17/11/2021,115.039
18/11/2021,115.0811
19/11/2021,115.2318
22/11/2021,115.6615
23/11/2021,116.026
24/11/2021,116.2855
25/11/2021,
26/11/2021,116.5259
29/11/2021,116.596
30/11/2021,116.2206
1/12/2021,115.9026
2/12/2021,116.0313
3/12/2021,116.2511
6/12/2021,116.1663
7/12/2021,115.8676
8/12/2021,115.4541
9/12/2021,115.7904
10/12/2021,115.5852
13/12/2021,115.8538
14/12/2021,116.252
15/12/2021,116.4342
16/12/2021,115.7267
17/12/2021,115.8022
20/12/2021,116.0206
21/12/2021,116.1208
22/12/2021,115.7612
23/12/2021,115.5469
24/12/2021,
27/12/2021,115.4821
28/12/2021,115.4327
29/12/2021,115.3819
30/12/2021,115.2969
31/12/2021,
3/1/2022,115.4243
4/1/2022,115.3263
5/1/2022,115.1524
6/1/2022,115.4189
7/1/2022,115.0596
10/1/2022,115.235
11/1/2022,114.8467
12/1/2022,114.3713
13/1/2022,114.1934
14/1/2022,114.3968
17/1/2022,
18/1/2022,114.7513
19/1/2022,114.6254
20/1/2022,114.4779
21/1/2022,114.6261
24/1/2022,115.2165
25/1/2022,115.1779
26/1/2022,115.1044
27/1/2022,115.9874
28/1/2022,116.049
31/1/2022,115.5742
1/2/2022,115.3775
2/2/2022,115.1643
3/2/2022,114.9175
4/2/2022,115.1473
7/2/2022,115.0209
8/2/2022,115.0999
9/2/2022,114.8329
10/2/2022,114.5618
11/2/2022,114.8489
14/2/2022,115.2008
15/2/2022,114.9357
16/2/2022,114.6954
17/2/2022,114.682
18/2/2022,114.8036
21/2/2022,
22/2/2022,114.7054
23/2/2022,114.6718
24/2/2022,115.9478
25/2/2022,115.2633
28/2/2022,115.2317
1/3/2022,115.8062
2/3/2022,115.7727
3/3/2022,115.9592
4/3/2022,116.661
7/3/2022,117.3406
8/3/2022,117.6281
9/3/2022,116.6057
10/3/2022,116.75
11/3/2022,117.0294
14/3/2022,117.1594
15/3/2022,117.2533
16/3/2022,116.8135
17/3/2022,116.0544
18/3/2022,116.1447
21/3/2022,115.9467
22/3/2022,116.0888
23/3/2022,116.0101
24/3/2022,115.9651
25/3/2022,115.7953
28/3/2022,116.1953
29/3/2022,115.572
30/3/2022,115.0857
31/3/2022,115.2254
1/4/2022,115.4835
4/4/2022,115.4121
5/4/2022,115.7328
6/4/2022,116.002
7/4/2022,116.3541
8/4/2022,116.42
11/4/2022,116.5423
12/4/2022,116.387
13/4/2022,116.2793
14/4/2022,116.7552
15/4/2022,116.7011
18/4/2022,116.8427
19/4/2022,117.1322
20/4/2022,116.7325
21/4/2022,117.1454
22/4/2022,118.0205
25/4/2022,118.6298
26/4/2022,118.9658
27/4/2022,119.472
28/4/2022,120.0703
29/4/2022,119.4936
2/5/2022,119.8827
3/5/2022,119.7037
4/5/2022,119.5567
5/5/2022,120.0043
6/5/2022,119.8544
9/5/2022,120.4949
10/5/2022,120.7716
11/5/2022,120.3896
12/5/2022,121.273
13/5/2022,120.8379
16/5/2022,120.6812
17/5/2022,119.8816
18/5/2022,120.022
19/5/2022,119.4244
20/5/2022,119.3617
23/5/2022,118.712
24/5/2022,118.6208
25/5/2022,118.9561
26/5/2022,118.7671
27/5/2022,118.2796
30/5/2022,
31/5/2022,118.0689
1/6/2022,118.6936
2/6/2022,118.0642
3/6/2022,118.2138
6/6/2022,118.3053
7/6/2022,118.4401
8/6/2022,118.3944
9/6/2022,118.9193
10/6/2022,119.9942
13/6/2022,121.1517
14/6/2022,121.6668
15/6/2022,121.6382
16/6/2022,120.6755
17/6/2022,121.2389
20/6/2022,
21/6/2022,120.646
22/6/2022,120.5232
23/6/2022,120.7646
24/6/2022,120.4897
27/6/2022,120.1789
28/6/2022,120.6254
29/6/2022,120.9689
30/6/2022,120.9718
1/7/2022,121.5123
4/7/2022,
5/7/2022,122.6276
6/7/2022,123.0165
7/7/2022,122.7336
8/7/2022,122.4724
11/7/2022,123.3062
12/7/2022,123.4612
13/7/2022,123.293
14/7/2022,124.0717
15/7/2022,123.4842
18/7/2022,122.78
19/7/2022,122.4922
20/7/2022,122.6096
21/7/2022,122.9169
22/7/2022,122.4643
25/7/2022,122.4721
26/7/2022,122.7698
27/7/2022,122.8281
28/7/2022,122.1267
29/7/2022,121.7793
1/8/2022,121.4218
2/8/2022,121.9609
3/8/2022,122.4002
4/8/2022,121.8436
5/8/2022,122.33
8/8/2022,121.8887
9/8/2022,121.8719
10/8/2022,120.7648
11/8/2022,120.7281
12/8/2022,121.0272
15/8/2022,121.4382
16/8/2022,121.6889
17/8/2022,122.0802
18/8/2022,122.3722
19/8/2022,123.0596
22/8/2022,123.6123
23/8/2022,123.0617
24/8/2022,123.1136
25/8/2022,123.0645
26/8/2022,123.0709
29/8/2022,123.4739
30/8/2022,123.6893
31/8/2022,123.5407
1/9/2022,124.4045
2/9/2022,123.7771
5/9/2022,
6/9/2022,124.7719
7/9/2022,124.8457
8/9/2022,124.584
9/9/2022,123.7954
12/9/2022,123.3441
13/9/2022,124.4342
14/9/2022,124.4593
15/9/2022,124.8944
16/9/2022,124.8879
19/9/2022,125.0177
20/9/2022,125.1324
21/9/2022,125.7464
22/9/2022,126.1668
23/9/2022,127.2867
26/9/2022,128.4544
27/9/2022,128.4399
28/9/2022,128.0937
29/9/2022,127.5463
30/9/2022,127.5159
3/10/2022,127.0793
4/10/2022,126.184
5/10/2022,126.863
6/10/2022,127.2481
7/10/2022,127.3093
10/10/2022,
11/10/2022,127.6614
12/10/2022,128.1456
13/10/2022,127.7276
14/10/2022,128.3303
17/10/2022,127.6478
18/10/2022,127.9184
19/10/2022,128.3992
20/10/2022,128.0084
21/10/2022,127.6758
24/10/2022,128.0351
25/10/2022,127.384
26/10/2022,126.481
27/10/2022,126.7102
28/10/2022,127.2196
31/10/2022,127.6272
1/11/2022,127.4011
2/11/2022,127.3138
3/11/2022,128.1712
4/11/2022,127.149
7/11/2022,126.3098
8/11/2022,125.64
9/11/2022,125.9926
10/11/2022,124.7142
11/11/2022,
14/11/2022,123.4425
15/11/2022,123.0534
16/11/2022,123.2964
17/11/2022,123.9929
18/11/2022,123.8678
21/11/2022,124.7143
22/11/2022,124.251
23/11/2022,123.7739
24/11/2022,
25/11/2022,123.3547
28/11/2022,123.6181
29/11/2022,123.6703
30/11/2022,123.5276
1/12/2022,122.0147
2/12/2022,122.0218
5/12/2022,122.6511
6/12/2022,123.0319
7/12/2022,122.7716
8/12/2022,122.4275
9/12/2022,122.4343
12/12/2022,122.7861
13/12/2022,121.8644
14/12/2022,121.8391
15/12/2022,122.5684
16/12/2022,122.6647
19/12/2022,122.5438
20/12/2022,122.1502
21/12/2022,122.2965
22/12/2022,122.2525
23/12/2022,121.9843
26/12/2022,
27/12/2022,121.767
28/12/2022,122.02
29/12/2022,121.6713
30/12/2022,121.4392
2/1/2023,
3/1/2023,122.0844
4/1/2023,121.5108
5/1/2023,122.0786
6/1/2023,121.0814
9/1/2023,120.1403
10/1/2023,120.234
11/1/2023,120.1445
12/1/2023,119.4108
13/1/2023,119.1422
16/1/2023,
17/1/2023,119.2186
18/1/2023,119.08
19/1/2023,119.6033
20/1/2023,119.3588
23/1/2023,119.1671
24/1/2023,119.1174
25/1/2023,118.995
26/1/2023,119.0472
27/1/2023,118.9521
30/1/2023,118.9079
31/1/2023,118.991
1/2/2023,118.6396
2/2/2023,118.349
3/2/2023,119.5014
6/2/2023,120.5116
7/2/2023,120.3298
8/2/2023,120.139
9/2/2023,119.9785
10/2/2023,120.1531
13/2/2023,120.0145
14/2/2023,119.9601
15/2/2023,120.4926
16/2/2023,120.5069
17/2/2023,120.6023
20/2/2023,
21/2/2023,120.678
22/2/2023,120.8969
23/2/2023,121.141
24/2/2023,121.6297
27/2/2023,121.4656
28/2/2023,121.4062
1/3/2023,120.6971
2/3/2023,121.1949
3/3/2023,120.8468
6/3/2023,120.5776
7/3/2023,121.531
8/3/2023,121.5222
9/3/2023,121.5225
10/3/2023,121.2963
13/3/2023,120.9157
14/3/2023,121.052
15/3/2023,122.1149
16/3/2023,121.751
17/3/2023,121.5923
20/3/2023,121.0637
21/3/2023,120.9535
22/3/2023,120.6883
23/3/2023,119.8174
24/3/2023,120.5106
27/3/2023,120.3239
28/3/2023,119.7987
29/3/2023,119.8223
30/3/2023,119.5103
31/3/2023,119.4611
3/4/2023,119.4342
4/4/2023,119.2641
5/4/2023,119.4068
6/4/2023,119.4229
7/4/2023,119.4673
10/4/2023,119.8962
11/4/2023,119.6409
12/4/2023,119.1341
13/4/2023,118.5376
14/4/2023,118.983
17/4/2023,119.3981
18/4/2023,119.2345
19/4/2023,119.4377
20/4/2023,119.2525
21/4/2023,119.4472
24/4/2023,119.3486
25/4/2023,119.7551
26/4/2023,119.4758
27/4/2023,119.5754
28/4/2023,119.376
1/5/2023,119.5845
2/5/2023,119.7514
3/5/2023,119.2773
4/5/2023,119.19
5/5/2023,118.7184
8/5/2023,118.7415
9/5/2023,118.984
10/5/2023,118.7561
11/5/2023,119.1902
12/5/2023,119.5206
15/5/2023,119.3288
16/5/2023,119.3567
17/5/2023,119.7849
18/5/2023,120.2642
19/5/2023,119.9479
22/5/2023,120.2609
23/5/2023,120.4913
24/5/2023,120.6481
25/5/2023,121.0126
26/5/2023,120.8022
29/5/2023,
30/5/2023,120.7387
31/5/2023,121.1527
1/6/2023,120.2628
2/6/2023,120.2102
5/6/2023,120.2175
6/6/2023,120.1906
7/6/2023,120.0893
8/6/2023,119.8069
9/6/2023,119.6781
12/6/2023,119.889
13/6/2023,119.4641
14/6/2023,119.0646
15/6/2023,118.8447
16/6/2023,118.7168
19/6/2023,
20/6/2023,119.2458
21/6/2023,119.0438
22/6/2023,119.074
23/6/2023,119.4584
26/6/2023,119.4123
27/6/2023,119.235
28/6/2023,119.6759
29/6/2023,119.8659
30/6/2023,119.7118
3/7/2023,119.5618
4/7/2023,
5/7/2023,119.6971
6/7/2023,120.1579
7/7/2023,119.4293
10/7/2023,119.3179
11/7/2023,119.0891
12/7/2023,118.0104
13/7/2023,117.5569
14/7/2023,117.4209
17/7/2023,117.5139
18/7/2023,117.4145
19/7/2023,117.745
20/7/2023,117.9615
21/7/2023,118.3072
24/7/2023,118.1812
25/7/2023,118.1978
26/7/2023,118.1097
27/7/2023,118.2497
28/7/2023,118.1429
31/7/2023,118.1738
1/8/2023,118.9156
2/8/2023,119.4622
3/8/2023,119.7123
4/8/2023,119.1684
7/8/2023,119.4297
8/8/2023,119.987
9/8/2023,119.8273
10/8/2023,119.5248
11/8/2023,119.9929
14/8/2023,120.4451
15/8/2023,120.5927
16/8/2023,120.7308
17/8/2023,120.8924
18/8/2023,120.7937
21/8/2023,120.8271
22/8/2023,120.7274
23/8/2023,120.4036
24/8/2023,120.5987
25/8/2023,120.8752
28/8/2023,120.687
29/8/2023,120.6383
30/8/2023,120.187
31/8/2023,120.5882
1/9/2023,121.1011
4/9/2023,
5/9/2023,121.7785
6/9/2023,122.2029
7/9/2023,122.2903
8/9/2023,122.2933
11/9/2023,121.6757
12/9/2023,121.6301
13/9/2023,121.3981
14/9/2023,121.5744
15/9/2023,121.5361
18/9/2023,121.5414
19/9/2023,121.5175
20/9/2023,121.32
21/9/2023,121.8972
22/9/2023,121.8735
25/9/2023,122.4445
26/9/2023,122.795
27/9/2023,123.2947
28/9/2023,122.8562
29/9/2023,122.6332
2/10/2023,123.3573
3/10/2023,124.0624
4/10/2023,123.8848
5/10/2023,124.1752
6/10/2023,123.6561
9/10/2023,
10/10/2023,123.2437
11/10/2023,123.092
12/10/2023,123.5087
13/10/2023,123.8788
16/10/2023,123.621
17/10/2023,123.4334
18/10/2023,124.1001
19/10/2023,124.0861
20/10/2023,123.9049
23/10/2023,123.5935
24/10/2023,123.9249
25/10/2023,124.069
26/10/2023,124.285
27/10/2023,123.9145
30/10/2023,123.7044
31/10/2023,124.1229
1/11/2023,124.0801
2/11/2023,123.1995
3/11/2023,122.1006
6/11/2023,121.9692
7/11/2023,122.3882
8/11/2023,122.4055
9/11/2023,122.4434
10/11/2023,
13/11/2023,122.7389
14/11/2023,121.6865
15/11/2023,121.4035
16/11/2023,121.4953
17/11/2023,121.1657
20/11/2023,120.5653
21/11/2023,120.5182
22/11/2023,120.9757
23/11/2023,
24/11/2023,120.5285
27/11/2023,120.4893
28/11/2023,119.9174
29/11/2023,120.1246
30/11/2023,120.5421
1/12/2023,120.2542
4/12/2023,120.7669
5/12/2023,121.0731
6/12/2023,120.8348
7/12/2023,120.8938
8/12/2023,121.0499
11/12/2023,121.2212
12/12/2023,120.9825
13/12/2023,121.4667
14/12/2023,119.8952
15/12/2023,120.062
18/12/2023,120.2386
19/12/2023,119.8116
20/12/2023,119.8872
21/12/2023,119.6721
22/12/2023,119.4214
25/12/2023,
26/12/2023,119.2551
27/12/2023,118.8525
28/12/2023,118.762
29/12/2023,118.7686
1/1/2024,
2/1/2024,119.6165
3/1/2024,120.0407
4/1/2024,119.9775
5/1/2024,119.7474
8/1/2024,119.6237
9/1/2024,120.0296
10/1/2024,120.1258
11/1/2024,120.2516
12/1/2024,119.9009
15/1/2024,
16/1/2024,120.9213
17/1/2024,121.3823
18/1/2024,121.2366
19/1/2024,120.9947
22/1/2024,120.9687
23/1/2024,121.4244
24/1/2024,120.8336
25/1/2024,121.167
26/1/2024,120.9665
29/1/2024,121.1888
30/1/2024,120.9442
31/1/2024,120.7727
1/2/2024,120.6832
2/2/2024,121.2438
5/2/2024,121.6831
6/2/2024,121.3021
7/2/2024,121.2518
8/2/2024,121.4226
9/2/2024,121.3851
12/2/2024,121.2839
13/2/2024,121.8558
14/2/2024,121.7411
15/2/2024,121.5567
16/2/2024,121.4984
19/2/2024,
20/2/2024,121.3769
21/2/2024,121.3918
22/2/2024,121.4589
23/2/2024,121.3991
26/2/2024,121.4197
27/2/2024,121.3297
28/2/2024,121.4886
29/2/2024,121.5385
1/3/2024,121.3741
4/3/2024,121.2454
5/3/2024,121.2575
6/3/2024,120.8481
7/3/2024,120.5744
8/3/2024,120.3612
11/3/2024,120.4205
12/3/2024,120.5468
13/3/2024,120.3533
14/3/2024,120.6272
15/3/2024,120.7884
18/3/2024,120.9572
19/3/2024,121.3111
20/3/2024,121.3092
21/3/2024,121.1869
22/3/2024,121.5694
25/3/2024,121.4143
26/3/2024,121.4613
27/3/2024,121.4048
28/3/2024,121.4498
29/3/2024,121.4062
1/4/2024,121.8884
2/4/2024,121.6881
3/4/2024,121.4129
4/4/2024,121.1646
5/4/2024,121.3671
8/4/2024,121.1487
9/4/2024,121.1215
10/4/2024,121.9628
11/4/2024,122.003
12/4/2024,122.6566
15/4/2024,122.7932
16/4/2024,123.4732
17/4/2024,123.375
18/4/2024,123.3481
19/4/2024,123.4459
22/4/2024,123.4011
23/4/2024,123.0779
24/4/2024,123.2398
25/4/2024,123.1916
26/4/2024,123.3004
29/4/2024,122.9074
30/4/2024,123.3446
1/5/2024,123.3776
2/5/2024,122.8047
3/5/2024,122.5056
6/5/2024,122.2529
7/5/2024,122.4588
8/5/2024,122.5562
9/5/2024,122.5322
10/5/2024,122.3898
13/5/2024,122.4068
14/5/2024,122.3094
15/5/2024,121.7471
16/5/2024,121.6189
17/5/2024,121.638
20/5/2024,121.6377
21/5/2024,121.7864
22/5/2024,121.9514
23/5/2024,122.1493
24/5/2024,122.0215
27/5/2024,
28/5/2024,121.8382
29/5/2024,122.5535
30/5/2024,122.356
31/5/2024,122.4845
3/6/2024,122.7156
4/6/2024,123.0715
5/6/2024,122.9014
6/6/2024,122.7416
7/6/2024,123.8707
10/6/2024,124.2232
11/6/2024,124.345
12/6/2024,124.1411
13/6/2024,124.3287
14/6/2024,124.4755
17/6/2024,124.5427
18/6/2024,124.2835
19/6/2024,
20/6/2024,124.496
21/6/2024,124.4247
24/6/2024,124.0379
25/6/2024,124.26
26/6/2024,124.5696
27/6/2024,124.6406
28/6/2024,124.5172
1/7/2024,124.7723
2/7/2024,124.608
3/7/2024,124.1096
4/7/2024,
5/7/2024,123.8192
8/7/2024,123.706
9/7/2024,123.7559
10/7/2024,123.5508
11/7/2024,123.1267
12/7/2024,122.8093
15/7/2024,123.0059
16/7/2024,123.1024
17/7/2024,122.892
18/7/2024,123.1548
19/7/2024,123.5033
22/7/2024,123.5735
23/7/2024,123.7296
24/7/2024,123.8784
25/7/2024,123.8341
26/7/2024,123.9862
29/7/2024,124.4412
30/7/2024,124.576
31/7/2024,123.9223
1/8/2024,124.1551
2/8/2024,123.7169
5/8/2024,123.7919
6/8/2024,123.8794
7/8/2024,123.8126
8/8/2024,123.6961
9/8/2024,123.1964
12/8/2024,123.4942
13/8/2024,123.2819
14/8/2024,122.7057
15/8/2024,122.8791
16/8/2024,122.6944
19/8/2024,122.1762
20/8/2024,122.0677
21/8/2024,122.1407
22/8/2024,122.6371
23/8/2024,121.7525
26/8/2024,121.9678
27/8/2024,122.1318
28/8/2024,122.1586
29/8/2024,122.4706
30/8/2024,122.5582
2/9/2024,
3/9/2024,123.0052
4/9/2024,122.7434
5/9/2024,122.6747
6/9/2024,122.7145
9/9/2024,122.9408
10/9/2024,123.2266
11/9/2024,123.0007
12/9/2024,122.684
13/9/2024,121.9128
16/9/2024,121.7684
17/9/2024,121.8724
18/9/2024,121.8295
19/9/2024,121.5773
20/9/2024,121.6673
23/9/2024,121.687
24/9/2024,121.3868
25/9/2024,121.6868
26/9/2024,121.3274
27/9/2024,121.356
30/9/2024,121.5298
1/10/2024,121.9152
2/10/2024,121.8154
3/10/2024,122.3469
4/10/2024,122.4533
7/10/2024,122.6545
8/10/2024,122.9111
9/10/2024,123.1373
10/10/2024,123.3431
11/10/2024,123.2275
14/10/2024,
15/10/2024,123.773
16/10/2024,124.1606
17/10/2024,124.3466
18/10/2024,124.1511
21/10/2024,124.7004
22/10/2024,124.6396
23/10/2024,124.9181
24/10/2024,124.743
25/10/2024,124.8418
28/10/2024,125.0385
29/10/2024,125.0952
30/10/2024,125.0444
31/10/2024,125.0247
1/11/2024,125.0403
4/11/2024,124.8168
5/11/2024,124.7803
6/11/2024,125.9311
7/11/2024,125.016
8/11/2024,125.8066
11/11/2024,
12/11/2024,126.987
13/11/2024,127.1591
14/11/2024,127.2123
15/11/2024,127.1021
18/11/2024,126.8336
19/11/2024,126.6361
20/11/2024,127.1023
21/11/2024,127.3063
22/11/2024,127.6683
25/11/2024,127.211
26/11/2024,127.6435
27/11/2024,127.0601
28/11/2024,
29/11/2024,126.8114
2/12/2024,127.3499
3/12/2024,127.1983
4/12/2024,126.9956
5/12/2024,126.6638
6/12/2024,126.9271
9/12/2024,126.8394
10/12/2024,127.1884
11/12/2024,127.095
12/12/2024,127.2039
13/12/2024,127.5569
16/12/2024,127.5235
17/12/2024,127.7565
18/12/2024,127.8936
19/12/2024,128.8598
20/12/2024,128.1411
23/12/2024,128.5356
24/12/2024,128.5651
25/12/2024,
26/12/2024,128.5679
27/12/2024,128.6972
30/12/2024,129.0474
31/12/2024,129.488
1/1/2025,
2/1/2025,129.6666
3/1/2025,129.6721
6/1/2025,128.7878
7/1/2025,128.8574
8/1/2025,129.3038
9/1/2025,129.4927
10/1/2025,130.0513
13/1/2025,130.2142
14/1/2025,129.5812
15/1/2025,129.4107
16/1/2025,129.6284
17/1/2025,129.6771
20/1/2025,
21/1/2025,128.61
22/1/2025,128.5428
23/1/2025,128.4336
24/1/2025,127.6833
27/1/2025,128.2856
28/1/2025,128.471
29/1/2025,128.5324
30/1/2025,128.2958
31/1/2025,128.6686
3/2/2025,129.2815
4/2/2025,128.2993
5/2/2025,128.1725
6/2/2025,128.3958
7/2/2025,128.6144
10/2/2025,128.8215
11/2/2025,128.629
12/2/2025,128.5321
13/2/2025,128.0821
14/2/2025,127.3505
17/2/2025,
18/2/2025,127.501
19/2/2025,127.9207
20/2/2025,127.3057
21/2/2025,127.3285
24/2/2025,127.3749
25/2/2025,127.5544
26/2/2025,127.4762
27/2/2025,128.1589
28/2/2025,128.4646
3/3/2025,127.9558
4/3/2025,128.1864
5/3/2025,126.7441
6/3/2025,126.3526
7/3/2025,126.2243
10/3/2025,126.5199
11/3/2025,126.2896
12/3/2025,126.1251
13/3/2025,126.2551
14/3/2025,125.9538
17/3/2025,125.6291
18/3/2025,125.7402
19/3/2025,126.0515
20/3/2025,126.237
21/3/2025,126.509
24/3/2025,126.4403
25/3/2025,126.3075
26/3/2025,126.4839
27/3/2025,126.6098
28/3/2025,126.6599
31/3/2025,126.9402
1/4/2025,126.6783
2/4/2025,126.6284
3/4/2025,125.0254
4/4/2025,126.0693
7/4/2025,127.0629
8/4/2025,127.1122
9/4/2025,126.8819
10/4/2025,125.3694
11/4/2025,124.3156
14/4/2025,123.9908
15/4/2025,124.1129
16/4/2025,123.6167