date,vix
8/1/2011,23.66
8/2/2011,24.79
8/3/2011,23.38
8/4/2011,31.66
8/5/2011,32
8/8/2011,48
8/9/2011,35.06
8/10/2011,42.99
8/11/2011,39
8/12/2011,36.36
08/15/2011,31.87
08/16/2011,32.85
08/17/2011,31.58
08/18/2011,42.67
08/19/2011,43.05
08/22/2011,42.44
08/23/2011,36.27
08/24/2011,35.9
08/25/2011,39.76
08/26/2011,35.59
08/29/2011,32.28
08/30/2011,32.89
08/31/2011,31.62
9/1/2011,31.82
9/2/2011,33.92
9/6/2011,37
9/7/2011,33.38
9/8/2011,34.32
9/9/2011,38.52
9/12/2011,38.59
09/13/2011,36.91
09/14/2011,34.6
09/15/2011,31.97
09/16/2011,30.98
09/19/2011,32.73
09/20/2011,32.86
09/21/2011,37.32
09/22/2011,41.35
09/23/2011,41.25
09/26/2011,39.02
09/27/2011,37.71
09/28/2011,41.08
09/29/2011,38.84
09/30/2011,42.96
10/3/2011,45.45
10/4/2011,40.82
10/5/2011,37.81
10/6/2011,36.27
10/7/2011,36.2
10/10/2011,33.02
10/11/2011,32.86
10/12/2011,31.26
10/13/2011,30.7
10/14/2011,28.24
10/17/2011,33.39
10/18/2011,31.56
10/19/2011,34.44
10/20/2011,34.78
10/21/2011,31.32
10/24/2011,29.26
10/25/2011,32.22
10/26/2011,29.86
10/27/2011,25.46
10/28/2011,24.53
10/31/2011,29.96
11/1/2011,34.77
11/2/2011,32.74
11/3/2011,30.5
11/4/2011,30.16
11/7/2011,29.85
11/8/2011,27.48
11/9/2011,36.16
11/10/2011,32.81
11/11/2011,30.04
11/14/2011,31.13
11/15/2011,31.22
11/16/2011,33.51
11/17/2011,34.51
11/18/2011,32
11/21/2011,32.91
11/22/2011,31.97
11/23/2011,33.98
11/25/2011,34.47
11/28/2011,32.13
11/29/2011,30.64
11/30/2011,27.8
12/1/2011,27.41
12/2/2011,27.52
12/5/2011,27.84
12/6/2011,28.13
12/7/2011,28.67
12/8/2011,30.59
12/9/2011,26.38
12/12/2011,25.67
12/13/2011,25.41
12/14/2011,26.04
12/15/2011,25.11
12/16/2011,24.29
12/19/2011,24.92
12/20/2011,23.22
12/21/2011,21.43
12/22/2011,21.16
12/23/2011,20.73
12/27/2011,21.91
12/28/2011,23.52
12/29/2011,22.65
12/30/2011,23.4
1/3/2012,22.97
1/4/2012,22.22
1/5/2012,21.48
1/6/2012,20.63
1/9/2012,21.07
1/10/2012,20.69
1/11/2012,21.05
1/12/2012,20.47
01/13/2012,20.91
01/17/2012,22.2
01/18/2012,20.89
01/19/2012,19.87
01/20/2012,18.28
01/23/2012,18.67
01/24/2012,18.91
01/25/2012,18.31
01/26/2012,18.57
01/27/2012,18.53
01/30/2012,19.4
01/31/2012,19.44
2/1/2012,18.55
2/2/2012,17.98
2/3/2012,17.1
2/6/2012,17.76
2/7/2012,17.65
2/8/2012,18.16
2/9/2012,18.63
2/10/2012,20.79
02/13/2012,19.04
02/14/2012,19.54
02/15/2012,21.14
02/16/2012,19.22
02/17/2012,17.78
02/21/2012,18.19
02/22/2012,18.19
02/23/2012,16.8
02/24/2012,17.31
02/27/2012,18.19
02/28/2012,17.96
02/29/2012,18.43
3/1/2012,17.26
3/2/2012,17.29
3/5/2012,18.05
3/6/2012,20.87
3/7/2012,19.07
3/8/2012,17.95
3/9/2012,17.11
3/12/2012,15.64
03/13/2012,14.8
03/14/2012,15.31
03/15/2012,15.42
03/16/2012,14.47
03/19/2012,15.04
03/20/2012,15.58
03/21/2012,15.13
03/22/2012,15.57
03/23/2012,14.82
03/26/2012,14.26
03/27/2012,15.59
03/28/2012,15.47
03/29/2012,15.48
03/30/2012,15.5
4/2/2012,15.64
4/3/2012,15.66
4/4/2012,16.44
4/5/2012,16.7
4/9/2012,18.81
4/10/2012,20.39
4/11/2012,20.02
4/12/2012,17.2
04/13/2012,19.55
04/16/2012,19.55
04/17/2012,18.46
04/18/2012,18.64
04/19/2012,18.36
04/20/2012,17.44
04/23/2012,18.97
04/24/2012,18.1
04/25/2012,16.82
04/26/2012,16.24
04/27/2012,16.32
04/30/2012,17.15
5/1/2012,16.6
5/2/2012,16.88
5/3/2012,17.56
5/4/2012,19.16
5/7/2012,18.94
5/8/2012,19.05
5/9/2012,20.08
5/10/2012,18.83
5/11/2012,19.89
05/14/2012,21.87
05/15/2012,21.97
05/16/2012,22.27
05/17/2012,24.49
05/18/2012,25.1
05/21/2012,22.01
05/22/2012,22.48
05/23/2012,22.33
05/24/2012,21.54
05/25/2012,21.76
05/29/2012,21.03
05/30/2012,24.14
05/31/2012,24.06
6/1/2012,26.66
6/4/2012,26.12
6/5/2012,24.68
6/6/2012,22.16
6/7/2012,21.72
6/8/2012,21.23
6/11/2012,23.56
6/12/2012,22.09
06/13/2012,24.27
06/14/2012,21.68
06/15/2012,21.11
06/18/2012,18.32
06/19/2012,18.38
06/20/2012,17.24
06/21/2012,20.08
06/22/2012,18.11
06/25/2012,20.38
06/26/2012,19.72
06/27/2012,19.45
06/28/2012,19.71
06/29/2012,17.08
7/2/2012,16.8
7/3/2012,16.66
7/5/2012,17.5
7/6/2012,17.1
7/9/2012,17.98
7/10/2012,18.72
7/11/2012,17.95
7/12/2012,18.33
07/13/2012,16.74
07/16/2012,17.11
07/17/2012,16.48
07/18/2012,16.16
07/19/2012,15.45
07/20/2012,16.27
07/23/2012,18.62
07/24/2012,20.47
07/25/2012,19.34
07/26/2012,17.53
07/27/2012,16.7
07/30/2012,18.03
07/31/2012,18.93
8/1/2012,18.96
8/2/2012,17.57
8/3/2012,15.64
8/6/2012,15.95
8/7/2012,15.99
8/8/2012,15.32
8/9/2012,15.28
8/10/2012,14.74
08/13/2012,13.7
08/14/2012,14.85
08/15/2012,14.63
08/16/2012,14.29
08/17/2012,13.45
08/20/2012,14.02
08/21/2012,15.02
08/22/2012,15.11
08/23/2012,15.96
08/24/2012,15.18
08/27/2012,16.35
08/28/2012,16.49
08/29/2012,17.06
08/30/2012,17.83
08/31/2012,17.47
9/4/2012,17.98
9/5/2012,17.74
9/6/2012,15.6
9/7/2012,14.38
9/10/2012,16.28
9/11/2012,16.41
9/12/2012,15.8
09/13/2012,14.05
09/14/2012,14.51
09/17/2012,14.59
09/18/2012,14.18
09/19/2012,13.88
09/20/2012,14.07
09/21/2012,13.98
09/24/2012,14.15
09/25/2012,15.43
09/26/2012,16.81
09/27/2012,14.84
09/28/2012,15.73
10/1/2012,16.32
10/2/2012,15.71
10/3/2012,15.43
10/4/2012,14.55
10/5/2012,14.33
10/8/2012,15.11
10/9/2012,16.37
10/10/2012,16.29
10/11/2012,15.59
10/12/2012,16.14
10/15/2012,15.27
10/16/2012,15.22
10/17/2012,15.07
10/18/2012,15.03
10/19/2012,17.06
10/22/2012,16.62
10/23/2012,18.83
10/24/2012,18.33
10/25/2012,18.12
10/26/2012,17.81
10/31/2012,18.6
11/1/2012,16.69
11/2/2012,17.59
11/5/2012,18.42
11/6/2012,17.58
11/7/2012,19.08
11/8/2012,18.49
11/9/2012,18.61
11/12/2012,16.68
11/13/2012,16.65
11/14/2012,17.92
11/15/2012,17.99
11/16/2012,16.41
11/19/2012,15.24
11/20/2012,15.08
11/21/2012,15.31
11/23/2012,15.14
11/26/2012,15.5
11/27/2012,15.92
11/28/2012,15.51
11/29/2012,15.06
11/30/2012,15.87
12/3/2012,16.64
12/4/2012,17.12
12/5/2012,16.46
12/6/2012,16.58
12/7/2012,15.9
12/10/2012,16.05
12/11/2012,15.57
12/12/2012,15.95
12/13/2012,16.56
12/14/2012,17
12/17/2012,16.34
12/18/2012,15.57
12/19/2012,17.36
12/20/2012,17.67
12/21/2012,17.84
12/24/2012,17.84
12/26/2012,19.48
12/27/2012,19.47
12/28/2012,22.72
12/31/2012,18.02
1/2/2013,14.68
1/3/2013,14.56
1/4/2013,13.83
1/7/2013,13.79
1/8/2013,13.62
1/9/2013,13.81
1/10/2013,13.49
1/11/2013,13.36
01/14/2013,13.52
01/15/2013,13.55
01/16/2013,13.42
01/17/2013,13.57
01/18/2013,12.46
01/22/2013,12.43
01/23/2013,12.46
01/24/2013,12.69
01/25/2013,12.89
01/28/2013,13.57
01/29/2013,13.31
01/30/2013,14.32
01/31/2013,14.28
2/1/2013,12.9
2/4/2013,14.67
2/5/2013,13.72
2/6/2013,13.41
2/7/2013,13.5
2/8/2013,13.02
2/11/2013,12.94
2/12/2013,12.64
02/13/2013,12.98
02/14/2013,12.66
02/15/2013,12.46
02/19/2013,12.31
02/20/2013,14.68
02/21/2013,15.22
02/22/2013,14.17
02/25/2013,18.99
02/26/2013,16.87
02/27/2013,14.73
02/28/2013,15.51
3/1/2013,15.36
3/4/2013,14.01
3/5/2013,13.48
3/6/2013,13.53
3/7/2013,13.06
3/8/2013,12.59
3/11/2013,11.56
3/12/2013,12.27
03/13/2013,11.83
03/14/2013,11.3
03/15/2013,11.3
03/18/2013,13.36
03/19/2013,14.39
03/20/2013,12.67
03/21/2013,13.99
03/22/2013,13.57
03/25/2013,13.74
03/26/2013,12.77
03/27/2013,13.15
03/28/2013,12.7
4/1/2013,13.58
4/2/2013,12.78
4/3/2013,14.21
4/4/2013,13.89
4/5/2013,13.92
4/8/2013,13.19
4/9/2013,12.84
4/10/2013,12.36
4/11/2013,12.24
4/12/2013,12.06
04/15/2013,17.27
04/16/2013,13.96
04/17/2013,16.51
04/18/2013,17.56
04/19/2013,14.97
04/22/2013,14.39
04/23/2013,13.48
04/24/2013,13.61
04/25/2013,13.62
04/26/2013,13.61
04/29/2013,13.71
04/30/2013,13.52
5/1/2013,14.49
5/2/2013,13.59
5/3/2013,12.85
5/6/2013,12.66
5/7/2013,12.83
5/8/2013,12.66
5/9/2013,13.13
5/10/2013,12.59
05/13/2013,12.55
05/14/2013,12.77
05/15/2013,12.81
05/16/2013,13.07
05/17/2013,12.45
05/20/2013,13.02
05/21/2013,13.37
05/22/2013,13.82
05/23/2013,14.07
05/24/2013,13.99
05/28/2013,14.48
05/29/2013,14.83
05/30/2013,14.53
05/31/2013,16.3
6/3/2013,16.28
6/4/2013,16.27
6/5/2013,17.5
6/6/2013,16.63
6/7/2013,15.14
6/10/2013,15.44
6/11/2013,17.07
6/12/2013,18.59
06/13/2013,16.41
06/14/2013,17.15
06/17/2013,16.8
06/18/2013,16.61
06/19/2013,16.64
06/20/2013,20.49
06/21/2013,18.9
06/24/2013,20.11
06/25/2013,18.47
06/26/2013,17.21
06/27/2013,16.86
06/28/2013,16.86
7/1/2013,16.37
7/2/2013,16.44
7/3/2013,16.2
7/5/2013,14.89
7/8/2013,14.78
7/9/2013,14.35
7/10/2013,14.21
7/11/2013,14.01
7/12/2013,13.84
07/15/2013,13.79
07/16/2013,14.42
07/17/2013,13.78
07/18/2013,13.77
07/19/2013,12.54
07/22/2013,12.29
07/23/2013,12.66
07/24/2013,13.18
07/25/2013,12.97
07/26/2013,12.72
07/29/2013,13.39
07/30/2013,13.39
07/31/2013,13.45
8/1/2013,12.94
8/2/2013,11.98
8/5/2013,11.84
8/6/2013,12.72
8/7/2013,12.98
8/8/2013,12.73
8/9/2013,13.41
8/12/2013,12.81
08/13/2013,12.31
08/14/2013,13.04
08/15/2013,14.73
08/16/2013,14.37
08/19/2013,15.1
08/20/2013,14.91
08/21/2013,15.94
08/22/2013,14.76
08/23/2013,13.98
08/26/2013,14.99
08/27/2013,16.77
08/28/2013,16.49
08/29/2013,16.81
08/30/2013,17.01
9/3/2013,16.61
9/4/2013,15.88
9/5/2013,15.77
9/6/2013,15.85
9/9/2013,15.63
9/10/2013,14.53
9/11/2013,13.82
9/12/2013,14.29
09/13/2013,14.16
09/16/2013,14.38
09/17/2013,14.53
09/18/2013,13.59
09/19/2013,13.16
09/20/2013,13.12
09/23/2013,14.31
09/24/2013,14.08
09/25/2013,14.01
09/26/2013,14.06
09/27/2013,15.46
09/30/2013,16.6
10/1/2013,15.54
10/2/2013,16.6
10/3/2013,17.67
10/4/2013,16.74
10/7/2013,19.41
10/8/2013,20.34
10/9/2013,19.6
10/10/2013,16.48
10/11/2013,15.72
10/14/2013,16.07
10/15/2013,18.66
10/16/2013,14.71
10/17/2013,13.48
10/18/2013,13.04
10/21/2013,13.16
10/22/2013,13.33
10/23/2013,13.42
10/24/2013,13.2
10/25/2013,13.09
10/28/2013,13.31
10/29/2013,13.41
10/30/2013,13.65
10/31/2013,13.75
11/1/2013,13.28
11/4/2013,12.93
11/5/2013,13.27
11/6/2013,12.67
11/7/2013,13.91
11/8/2013,12.9
11/11/2013,12.53
11/12/2013,12.82
11/13/2013,12.52
11/14/2013,12.37
11/15/2013,12.19
11/18/2013,13.1
11/19/2013,13.39
11/20/2013,13.4
11/21/2013,12.66
11/22/2013,12.26
11/25/2013,12.79
11/26/2013,12.81
11/27/2013,12.98
11/29/2013,13.7
12/2/2013,14.23
12/3/2013,14.55
12/4/2013,14.7
12/5/2013,15.08
12/6/2013,13.79
12/9/2013,13.49
12/10/2013,13.91
12/11/2013,15.42
12/12/2013,15.54
12/13/2013,15.76
12/16/2013,16.03
12/17/2013,16.21
12/18/2013,13.8
12/19/2013,14.15
12/20/2013,13.79
12/23/2013,13.04
12/24/2013,12.48
12/26/2013,12.33
12/27/2013,12.46
12/30/2013,13.56
12/31/2013,13.72
1/2/2014,14.23
1/3/2014,13.76
1/6/2014,13.55
1/7/2014,12.92
1/8/2014,12.87
1/9/2014,12.89
1/10/2014,12.14
01/13/2014,13.28
01/14/2014,12.28
01/15/2014,12.28
01/16/2014,12.53
01/17/2014,12.44
01/21/2014,12.87
01/22/2014,12.84
01/23/2014,13.77
01/24/2014,18.14
01/27/2014,17.42
01/28/2014,15.8
01/29/2014,17.35
01/30/2014,17.29
01/31/2014,18.41
2/3/2014,21.44
2/4/2014,19.11
2/5/2014,19.95
2/6/2014,17.23
2/7/2014,15.29
2/10/2014,15.26
2/11/2014,14.51
2/12/2014,14.3
02/13/2014,14.14
02/14/2014,13.57
02/18/2014,13.87
02/19/2014,15.5
02/20/2014,14.79
02/21/2014,14.68
02/24/2014,14.23
02/25/2014,13.67
02/26/2014,14.35
02/27/2014,14.04
02/28/2014,14
3/3/2014,16
3/4/2014,14.1
3/5/2014,13.89
3/6/2014,14.21
3/7/2014,14.11
3/10/2014,14.2
3/11/2014,14.8
3/12/2014,14.47
03/13/2014,16.22
03/14/2014,17.82
03/17/2014,15.64
03/18/2014,14.52
03/19/2014,15.12
03/20/2014,14.52
03/21/2014,15
03/24/2014,15.09
03/25/2014,14.02
03/26/2014,14.93
03/27/2014,14.62
03/28/2014,14.41
03/31/2014,13.88
4/1/2014,13.1
4/2/2014,13.09
4/3/2014,13.37
4/4/2014,13.96
4/7/2014,15.57
4/8/2014,14.89
4/9/2014,13.82
4/10/2014,15.89
4/11/2014,17.03
04/14/2014,16.11
04/15/2014,15.61
04/16/2014,14.18
04/17/2014,13.36
04/21/2014,13.25
04/22/2014,13.19
04/23/2014,13.27
04/24/2014,13.32
04/25/2014,14.06
04/28/2014,13.97
04/29/2014,13.71
04/30/2014,13.41
5/1/2014,13.25
5/2/2014,12.91
5/5/2014,13.29
5/6/2014,13.8
5/7/2014,13.4
5/8/2014,13.43
5/9/2014,12.92
5/12/2014,12.23
05/13/2014,12.13
05/14/2014,12.17
05/15/2014,13.17
05/16/2014,12.44
05/19/2014,12.42
05/20/2014,12.96
05/21/2014,11.91
05/22/2014,12.03
05/23/2014,11.36
05/27/2014,11.51
05/28/2014,11.68
05/29/2014,11.57
05/30/2014,11.4
6/2/2014,11.58
6/3/2014,11.87
6/4/2014,12.08
6/5/2014,11.68
6/6/2014,10.73
6/9/2014,11.15
6/10/2014,10.99
6/11/2014,11.6
6/12/2014,12.56
06/13/2014,12.18
06/16/2014,12.65
06/17/2014,12.06
06/18/2014,10.61
06/19/2014,10.62
06/20/2014,10.85
06/23/2014,10.98
06/24/2014,12.13
06/25/2014,11.59
06/26/2014,11.63
06/27/2014,11.26
06/30/2014,11.57
7/1/2014,11.15
7/2/2014,10.82
7/3/2014,10.32
7/7/2014,11.33
7/8/2014,11.98
7/9/2014,11.65
7/10/2014,12.59
7/11/2014,12.08
07/14/2014,11.82
07/15/2014,11.96
07/16/2014,11
07/17/2014,14.54
07/18/2014,12.06
07/21/2014,12.81
07/22/2014,12.24
07/23/2014,11.52
07/24/2014,11.84
07/25/2014,12.69
07/28/2014,12.56
07/29/2014,13.28
07/30/2014,13.33
07/31/2014,16.95
8/1/2014,17.03
8/4/2014,15.12
8/5/2014,16.87
8/6/2014,16.37
8/7/2014,16.66
8/8/2014,15.77
8/11/2014,14.23
8/12/2014,14.13
08/13/2014,12.9
08/14/2014,12.42
08/15/2014,13.15
08/18/2014,12.32
08/19/2014,12.21
08/20/2014,11.78
08/21/2014,11.76
08/22/2014,11.47
08/25/2014,11.7
08/26/2014,11.63
08/27/2014,11.78
08/28/2014,12.05
08/29/2014,11.98
9/2/2014,12.25
9/3/2014,12.36
9/4/2014,12.64
9/5/2014,12.09
9/8/2014,12.66
9/9/2014,13.5
9/10/2014,12.88
9/11/2014,12.8
9/12/2014,13.31
09/15/2014,14.12
09/16/2014,12.73
09/17/2014,12.65
09/18/2014,12.03
09/19/2014,12.11
09/22/2014,13.69
09/23/2014,14.93
09/24/2014,13.27
09/25/2014,15.64
09/26/2014,14.85
09/29/2014,15.98
09/30/2014,16.31
10/1/2014,16.71
10/2/2014,16.16
10/3/2014,14.55
10/6/2014,15.46
10/7/2014,17.2
10/8/2014,15.11
10/9/2014,18.76
10/10/2014,21.24
10/13/2014,24.64
10/14/2014,22.79
10/15/2014,26.25
10/16/2014,25.2
10/17/2014,21.99
10/20/2014,18.57
10/21/2014,16.08
10/22/2014,17.87
10/23/2014,16.53
10/24/2014,16.11
10/27/2014,16.04
10/28/2014,14.39
10/29/2014,15.15
10/30/2014,14.52
10/31/2014,14.03
11/3/2014,14.73
11/4/2014,14.89
11/5/2014,14.17
11/6/2014,13.67
11/7/2014,13.12
11/10/2014,12.67
11/11/2014,12.92
11/12/2014,13.02
11/13/2014,13.79
11/14/2014,13.31
11/17/2014,13.99
11/18/2014,13.86
11/19/2014,13.96
11/20/2014,13.58
11/21/2014,12.9
11/24/2014,12.62
11/25/2014,12.25
11/26/2014,12.07
11/28/2014,13.33
12/1/2014,14.29
12/2/2014,12.85
12/3/2014,12.47
12/4/2014,12.38
12/5/2014,11.82
12/8/2014,14.21
12/9/2014,14.89
12/10/2014,18.53
12/11/2014,20.08
12/12/2014,21.08
12/15/2014,20.42
12/16/2014,23.57
12/17/2014,19.44
12/18/2014,16.81
12/19/2014,16.49
12/22/2014,15.25
12/23/2014,14.8
12/24/2014,14.37
12/26/2014,14.5
12/29/2014,15.06
12/30/2014,15.92
12/31/2014,19.2
1/2/2015,17.79
1/5/2015,19.92
1/6/2015,21.12
1/7/2015,19.31
1/8/2015,17.01
1/9/2015,17.55
1/12/2015,19.6
01/13/2015,20.56
01/14/2015,21.48
01/15/2015,22.39
01/16/2015,20.95
01/20/2015,19.89
01/21/2015,18.85
01/22/2015,16.4
01/23/2015,16.66
01/26/2015,15.52
01/27/2015,17.22
01/28/2015,20.44
01/29/2015,18.76
01/30/2015,20.97
2/2/2015,19.43
2/3/2015,17.33
2/4/2015,18.33
2/5/2015,16.85
2/6/2015,17.29
2/9/2015,18.55
2/10/2015,17.23
2/11/2015,16.96
2/12/2015,15.34
02/13/2015,14.69
02/17/2015,15.8
02/18/2015,15.45
02/19/2015,15.29
02/20/2015,14.3
02/23/2015,14.56
02/24/2015,13.69
02/25/2015,13.84
02/26/2015,13.91
02/27/2015,13.34
3/2/2015,13.04
3/3/2015,13.86
3/4/2015,14.23
3/5/2015,14.04
3/6/2015,15.2
3/9/2015,15.06
3/10/2015,16.69
3/11/2015,16.87
3/12/2015,15.42
03/13/2015,16
03/16/2015,15.61
03/17/2015,15.66
03/18/2015,13.97
03/19/2015,14.07
03/20/2015,13.02
03/23/2015,13.41
03/24/2015,13.62
03/25/2015,15.44
03/26/2015,15.8
03/27/2015,15.07
03/30/2015,14.51
03/31/2015,15.29
4/1/2015,15.11
4/2/2015,14.67
4/6/2015,14.74
4/7/2015,14.78
4/8/2015,13.98
4/9/2015,13.09
4/10/2015,12.58
04/13/2015,13.94
04/14/2015,13.67
04/15/2015,12.84
04/16/2015,12.6
04/17/2015,13.89
04/20/2015,13.3
04/21/2015,13.25
04/22/2015,12.71
04/23/2015,12.48
04/24/2015,12.29
04/27/2015,13.12
04/28/2015,12.41
04/29/2015,13.39
04/30/2015,14.55
5/1/2015,12.7
5/4/2015,12.85
5/5/2015,14.31
5/6/2015,15.15
5/7/2015,15.13
5/8/2015,12.86
5/11/2015,13.85
5/12/2015,13.86
05/13/2015,13.76
05/14/2015,12.74
05/15/2015,12.38
05/18/2015,12.73
05/19/2015,12.85
05/20/2015,12.88
05/21/2015,12.11
05/22/2015,12.13
05/26/2015,14.06
05/27/2015,13.27
05/28/2015,13.31
05/29/2015,13.84
6/1/2015,13.97
6/2/2015,14.24
6/3/2015,13.66
6/4/2015,14.71
6/5/2015,14.21
6/8/2015,15.29
6/9/2015,14.47
6/10/2015,13.22
6/11/2015,12.85
6/12/2015,13.78
06/15/2015,15.39
06/16/2015,14.81
06/17/2015,14.5
06/18/2015,13.19
06/19/2015,13.96
06/22/2015,12.74
06/23/2015,12.11
06/24/2015,13.26
06/25/2015,14.01
06/26/2015,14.02
06/29/2015,18.85
06/30/2015,18.23
7/1/2015,16.09
7/2/2015,16.79
7/6/2015,17.01
7/7/2015,16.09
7/8/2015,19.66
7/9/2015,19.97
7/10/2015,16.83
07/13/2015,13.9
07/14/2015,13.37
07/15/2015,13.23
07/16/2015,12.11
07/17/2015,11.95
07/20/2015,12.25
07/21/2015,12.22
07/22/2015,12.12
07/23/2015,12.64
07/24/2015,13.74
07/27/2015,15.6
07/28/2015,13.44
07/29/2015,12.5
07/30/2015,12.13
07/31/2015,12.12
8/3/2015,12.56
8/4/2015,13
8/5/2015,12.51
8/6/2015,13.77
8/7/2015,13.39
8/10/2015,12.23
8/11/2015,13.71
8/12/2015,13.61
08/13/2015,13.49
08/14/2015,12.83
08/17/2015,13.02
08/18/2015,13.79
08/19/2015,15.25
08/20/2015,19.14
08/21/2015,28.03
08/24/2015,40.74
08/25/2015,36.02
08/26/2015,30.32
08/27/2015,26.1
08/28/2015,26.05
08/31/2015,28.43
9/1/2015,31.4
9/2/2015,26.09
9/3/2015,25.61
9/4/2015,27.8
9/8/2015,24.9
9/9/2015,26.23
9/10/2015,24.37
9/11/2015,23.2
09/14/2015,24.25
09/15/2015,22.54
09/16/2015,21.35
09/17/2015,21.14
09/18/2015,22.28
09/21/2015,20.14
09/22/2015,22.44
09/23/2015,22.13
09/24/2015,23.47
09/25/2015,23.62
09/28/2015,27.63
09/29/2015,26.83
09/30/2015,24.5
10/1/2015,22.55
10/2/2015,20.94
10/5/2015,19.54
10/6/2015,19.4
10/7/2015,18.4
10/8/2015,17.42
10/9/2015,17.08
10/12/2015,16.17
10/13/2015,17.67
10/14/2015,18.03
10/15/2015,16.05
10/16/2015,15.05
10/19/2015,14.98
10/20/2015,15.75
10/21/2015,16.7
10/22/2015,14.45
10/23/2015,14.46
10/26/2015,15.29
10/27/2015,15.43
10/28/2015,14.33
10/29/2015,14.61
10/30/2015,15.07
11/2/2015,14.15
11/3/2015,14.54
11/4/2015,15.51
11/5/2015,15.05
11/6/2015,14.33
11/9/2015,16.52
11/10/2015,15.29
11/11/2015,16.06
11/12/2015,18.37
11/13/2015,20.08
11/16/2015,18.16
11/17/2015,18.84
11/18/2015,16.85
11/19/2015,16.99
11/20/2015,15.47
11/23/2015,15.62
11/24/2015,15.93
11/25/2015,15.19
11/27/2015,15.12
11/30/2015,16.13
12/1/2015,14.67
12/2/2015,15.91
12/3/2015,18.11
12/4/2015,14.81
12/7/2015,15.84
12/8/2015,17.6
12/9/2015,19.61
12/10/2015,19.34
12/11/2015,24.39
12/14/2015,22.73
12/15/2015,20.95
12/16/2015,17.86
12/17/2015,18.94
12/18/2015,20.7
12/21/2015,18.7
12/22/2015,16.6
12/23/2015,15.57
12/24/2015,15.74
12/28/2015,16.91
12/29/2015,16.08
12/30/2015,17.29
12/31/2015,18.21
1/4/2016,20.7
1/5/2016,19.34
1/6/2016,20.59
1/7/2016,24.99
1/8/2016,27.01
1/11/2016,24.3
1/12/2016,22.47
01/13/2016,25.22
01/14/2016,23.95
01/15/2016,27.02
01/19/2016,26.05
01/20/2016,27.59
01/21/2016,26.69
01/22/2016,22.34
01/25/2016,24.15
01/26/2016,22.5
01/27/2016,23.11
01/28/2016,22.42
01/29/2016,20.2
2/1/2016,19.98
2/2/2016,21.98
2/3/2016,21.65
2/4/2016,21.84
2/5/2016,23.38
2/8/2016,26
2/9/2016,26.54
2/10/2016,26.29
2/11/2016,28.14
2/12/2016,25.4
02/16/2016,24.11
02/17/2016,22.31
02/18/2016,21.64
02/19/2016,20.53
02/22/2016,19.38
02/23/2016,20.98
02/24/2016,20.72
02/25/2016,19.11
02/26/2016,19.81
02/29/2016,20.55
3/1/2016,17.7
3/2/2016,17.09
3/3/2016,16.7
3/4/2016,16.86
3/7/2016,17.35
3/8/2016,18.67
3/9/2016,18.34
3/10/2016,18.05
3/11/2016,16.5
03/14/2016,16.92
03/15/2016,16.84
03/16/2016,14.99
03/17/2016,14.44
03/18/2016,14.02
03/21/2016,13.79
03/22/2016,14.17
03/23/2016,14.94
03/24/2016,14.74
03/28/2016,15.24
03/29/2016,13.82
03/30/2016,13.56
03/31/2016,13.95
4/1/2016,13.1
4/4/2016,14.12
4/5/2016,15.42
4/6/2016,14.09
4/7/2016,16.16
4/8/2016,15.36
4/11/2016,16.26
4/12/2016,14.85
04/13/2016,13.84
04/14/2016,13.72
04/15/2016,13.62
04/18/2016,13.35
04/19/2016,13.24
04/20/2016,13.28
04/21/2016,13.95
04/22/2016,13.22
04/25/2016,14.08
04/26/2016,13.96
04/27/2016,13.77
04/28/2016,15.22
04/29/2016,15.7
5/2/2016,14.68
5/3/2016,15.6
5/4/2016,16.05
5/5/2016,15.91
5/6/2016,14.72
5/9/2016,14.57
5/10/2016,13.63
5/11/2016,14.69
5/12/2016,14.41
05/13/2016,15.04
05/16/2016,14.68
05/17/2016,15.57
05/18/2016,15.95
05/19/2016,16.33
05/20/2016,15.2
05/23/2016,15.82
05/24/2016,14.42
05/25/2016,13.9
05/26/2016,13.43
05/27/2016,13.12
05/31/2016,14.19
6/1/2016,14.2
6/2/2016,13.63
6/3/2016,13.47
6/6/2016,13.65
6/7/2016,14.05
6/8/2016,14.08
6/9/2016,14.64
6/10/2016,17.03
06/13/2016,20.97
06/14/2016,20.5
06/15/2016,20.14
06/16/2016,19.37
06/17/2016,19.41
06/20/2016,18.37
06/21/2016,18.48
06/22/2016,21.17
06/23/2016,17.25
06/24/2016,25.76
06/27/2016,23.85
06/28/2016,18.75
06/29/2016,16.64
06/30/2016,15.63
7/1/2016,14.77
7/5/2016,15.58
7/6/2016,14.96
7/7/2016,14.76
7/8/2016,13.2
7/11/2016,13.54
7/12/2016,13.55
07/13/2016,13.04
07/14/2016,12.82
07/15/2016,12.67
07/18/2016,12.44
07/19/2016,11.97
07/20/2016,11.77
07/21/2016,12.74
07/22/2016,12.02
07/25/2016,12.87
07/26/2016,13.05
07/27/2016,12.83
07/28/2016,12.72
07/29/2016,11.87
8/1/2016,12.44
8/2/2016,13.37
8/3/2016,12.86
8/4/2016,12.42
8/5/2016,11.39
8/8/2016,11.5
8/9/2016,11.66
8/10/2016,12.05
8/11/2016,11.68
8/12/2016,11.55
08/15/2016,11.81
08/16/2016,12.64
08/17/2016,12.19
08/18/2016,11.43
08/19/2016,11.34
08/22/2016,12.27
08/23/2016,12.38
08/24/2016,13.45
08/25/2016,13.63
08/26/2016,13.65
08/29/2016,12.94
08/30/2016,13.12
08/31/2016,13.42
9/1/2016,13.48
9/2/2016,11.98
9/6/2016,12.02
9/7/2016,11.94
9/8/2016,12.51
9/9/2016,17.5
9/12/2016,15.16
09/13/2016,17.85
09/14/2016,18.14
09/15/2016,16.3
09/16/2016,15.37
09/19/2016,15.53
09/20/2016,15.92
09/21/2016,13.3
09/22/2016,12.02
09/23/2016,12.29
09/26/2016,14.5
09/27/2016,13.1
09/28/2016,12.39
09/29/2016,14.02
09/30/2016,13.29
10/3/2016,13.57
10/4/2016,13.63
10/5/2016,12.99
10/6/2016,12.84
10/7/2016,13.48
10/10/2016,13.38
10/11/2016,15.36
10/12/2016,15.91
10/13/2016,16.69
10/14/2016,16.12
10/17/2016,16.21
10/18/2016,15.28
10/19/2016,14.41
10/20/2016,13.75
10/21/2016,13.34
10/24/2016,13.02
10/25/2016,13.46
10/26/2016,14.24
10/27/2016,15.36
10/28/2016,16.19
10/31/2016,17.06
11/1/2016,18.56
11/2/2016,19.32
11/3/2016,22.08
11/4/2016,22.51
11/7/2016,18.71
11/8/2016,18.74
11/9/2016,14.38
11/10/2016,14.74
11/11/2016,14.17
11/14/2016,14.48
11/15/2016,13.37
11/16/2016,13.72
11/17/2016,13.35
11/18/2016,12.85
11/21/2016,12.42
11/22/2016,12.41
11/23/2016,12.43
11/25/2016,12.34
11/28/2016,13.15
11/29/2016,12.9
11/30/2016,13.33
12/1/2016,14.07
12/2/2016,14.12
12/5/2016,12.14
12/6/2016,11.79
12/7/2016,12.22
12/8/2016,12.64
12/9/2016,11.75
12/12/2016,12.64
12/13/2016,12.72
12/14/2016,13.19
12/15/2016,12.79
12/16/2016,12.2
12/19/2016,11.71
12/20/2016,11.45
12/21/2016,11.27
12/22/2016,11.43
12/23/2016,11.44
12/27/2016,11.99
12/28/2016,12.95
12/29/2016,13.37
12/30/2016,14.04
1/3/2017,12.85
1/4/2017,11.85
1/5/2017,11.67
1/6/2017,11.32
1/9/2017,11.56
1/10/2017,11.49
1/11/2017,11.26
1/12/2017,11.54
01/13/2017,11.23
01/17/2017,11.87
01/18/2017,12.48
01/19/2017,12.78
01/20/2017,11.54
01/23/2017,11.77
01/24/2017,11.07
01/25/2017,10.81
01/26/2017,10.63
01/27/2017,10.58
01/30/2017,11.88
01/31/2017,11.99
2/1/2017,11.81
2/2/2017,11.93
2/3/2017,10.97
2/6/2017,11.37
2/7/2017,11.29
2/8/2017,11.45
2/9/2017,10.88
2/10/2017,10.85
02/13/2017,11.07
02/14/2017,10.74
02/15/2017,11.97
02/16/2017,11.76
02/17/2017,11.49
02/21/2017,11.57
02/22/2017,11.74
02/23/2017,11.71
02/24/2017,11.47
02/27/2017,12.09
02/28/2017,12.92
3/1/2017,12.54
3/2/2017,11.81
3/3/2017,10.96
3/6/2017,11.24
3/7/2017,11.45
3/8/2017,11.86
3/9/2017,12.3
3/10/2017,11.66
03/13/2017,11.35
03/14/2017,12.3
03/15/2017,11.63
03/16/2017,11.21
03/17/2017,11.28
03/20/2017,11.34
03/21/2017,12.47
03/22/2017,12.81
03/23/2017,13.12
03/24/2017,12.96
03/27/2017,12.5
03/28/2017,11.53
03/29/2017,11.42
03/30/2017,11.54
03/31/2017,12.37
4/3/2017,12.38
4/4/2017,11.79
4/5/2017,12.89
4/6/2017,12.39
4/7/2017,12.87
4/10/2017,14.05
4/11/2017,15.07
4/12/2017,15.77
04/13/2017,15.96
04/17/2017,14.66
04/18/2017,14.42
04/19/2017,14.93
04/20/2017,14.15
04/21/2017,14.63
04/24/2017,10.84
04/25/2017,10.76
04/26/2017,10.85
04/27/2017,10.36
04/28/2017,10.82
5/1/2017,10.11
5/2/2017,10.59
5/3/2017,10.68
5/4/2017,10.46
5/5/2017,10.57
5/8/2017,9.77
5/9/2017,9.96
5/10/2017,10.21
5/11/2017,10.6
5/12/2017,10.4
05/15/2017,10.42
05/16/2017,10.65
05/17/2017,15.59
05/18/2017,14.66
05/19/2017,12.04
05/22/2017,10.93
05/23/2017,10.72
05/24/2017,10.02
05/25/2017,9.99
05/26/2017,9.81
05/30/2017,10.38
05/31/2017,10.41
6/1/2017,9.89
6/2/2017,9.75
6/5/2017,10.07
6/6/2017,10.45
6/7/2017,10.39
6/8/2017,10.16
6/9/2017,10.7
6/12/2017,11.46
06/13/2017,10.42
06/14/2017,10.64
06/15/2017,10.9
06/16/2017,10.38
06/19/2017,10.37
06/20/2017,10.86
06/21/2017,10.75
06/22/2017,10.48
06/23/2017,10.02
06/26/2017,9.9
06/27/2017,11.06
06/28/2017,10.03
06/29/2017,11.44
06/30/2017,11.18
7/3/2017,11.22
7/5/2017,11.07
7/6/2017,12.54
7/7/2017,11.19
7/10/2017,11.11
7/11/2017,10.89
7/12/2017,10.3
07/13/2017,9.9
07/14/2017,9.51
07/17/2017,9.82
07/18/2017,9.89
07/19/2017,9.79
07/20/2017,9.58
07/21/2017,9.36
07/24/2017,9.43
07/25/2017,9.43
07/26/2017,9.6
07/27/2017,10.11
07/28/2017,10.29
07/31/2017,10.26
8/1/2017,10.09
8/2/2017,10.28
8/3/2017,10.44
8/4/2017,10.03
8/7/2017,9.93
8/8/2017,10.96
8/9/2017,11.11
8/10/2017,16.04
8/11/2017,15.51
08/14/2017,12.33
08/15/2017,12.04
08/16/2017,11.74
08/17/2017,15.55
08/18/2017,14.26
08/21/2017,13.19
08/22/2017,11.35
08/23/2017,12.25
08/24/2017,12.23
08/25/2017,11.28
08/28/2017,11.32
08/29/2017,11.7
08/30/2017,11.22
08/31/2017,10.59
9/1/2017,10.13
9/5/2017,12.23
9/6/2017,11.63
9/7/2017,11.55
9/8/2017,12.12
9/11/2017,10.73
9/12/2017,10.58
09/13/2017,10.5
09/14/2017,10.44
09/15/2017,10.17
09/18/2017,10.15
09/19/2017,10.18
09/20/2017,9.78
09/21/2017,9.67
09/22/2017,9.59
09/25/2017,10.21
09/26/2017,10.17
09/27/2017,9.87
09/28/2017,9.55
09/29/2017,9.51
10/2/2017,9.45
10/3/2017,9.51
10/4/2017,9.63
10/5/2017,9.19
10/6/2017,9.65
10/9/2017,10.33
10/10/2017,10.08
10/11/2017,9.85
10/12/2017,9.91
10/13/2017,9.61
10/16/2017,9.91
10/17/2017,10.31
10/18/2017,10.07
10/19/2017,10.05
10/20/2017,9.97
10/23/2017,11.07
10/24/2017,11.16
10/25/2017,11.23
10/26/2017,11.3
10/27/2017,9.8
10/30/2017,10.5
10/31/2017,10.18
11/1/2017,10.2
11/2/2017,9.93
11/3/2017,9.14
11/6/2017,9.4
11/7/2017,9.89
11/8/2017,9.78
11/9/2017,10.5
11/10/2017,11.29
11/13/2017,11.5
11/14/2017,11.59
11/15/2017,13.13
11/16/2017,11.76
11/17/2017,11.43
11/20/2017,10.65
11/21/2017,9.73
11/22/2017,9.88
11/24/2017,9.67
11/27/2017,9.87
11/28/2017,10.03
11/29/2017,10.7
11/30/2017,11.28
12/1/2017,11.43
12/4/2017,11.68
12/5/2017,11.33
12/6/2017,11.02
12/7/2017,10.16
12/8/2017,9.58
12/11/2017,9.34
12/12/2017,9.92
12/13/2017,10.18
12/14/2017,10.49
12/15/2017,9.42
12/18/2017,9.53
12/19/2017,10.03
12/20/2017,9.72
12/21/2017,9.62
12/22/2017,9.9
12/26/2017,10.25
12/27/2017,10.47
12/28/2017,10.18
12/29/2017,11.04
1/2/2018,9.77
1/3/2018,9.15
1/4/2018,9.22
1/5/2018,9.22
1/8/2018,9.52
1/9/2018,10.08
1/10/2018,9.82
1/11/2018,9.88
1/12/2018,10.16
01/16/2018,11.66
01/17/2018,11.91
01/18/2018,12.22
01/19/2018,11.27
01/22/2018,11.03
01/23/2018,11.1
01/24/2018,11.47
01/25/2018,11.58
01/26/2018,11.08
01/29/2018,13.84
01/30/2018,14.79
01/31/2018,13.54
2/1/2018,13.47
2/2/2018,17.31
2/5/2018,37.32
2/6/2018,29.98
2/7/2018,27.73
2/8/2018,33.46
2/9/2018,29.06
2/12/2018,25.61
02/13/2018,24.97
02/14/2018,19.26
02/15/2018,19.13
02/16/2018,19.46
02/20/2018,20.6
02/21/2018,20.02
02/22/2018,18.72
02/23/2018,16.49
02/26/2018,15.8
02/27/2018,18.59
02/28/2018,19.85
3/1/2018,22.47
3/2/2018,19.59
3/5/2018,18.73
3/6/2018,18.36
3/7/2018,17.76
3/8/2018,16.54
3/9/2018,14.64
3/12/2018,15.78
03/13/2018,16.35
03/14/2018,17.23
03/15/2018,16.59
03/16/2018,15.8
03/19/2018,19.02
03/20/2018,18.2
03/21/2018,17.86
03/22/2018,23.34
03/23/2018,24.87
03/26/2018,21.03
03/27/2018,22.5
03/28/2018,22.87
03/29/2018,19.97
4/2/2018,23.62
4/3/2018,21.1
4/4/2018,20.06
4/5/2018,18.94
4/6/2018,21.49
4/9/2018,21.77
4/10/2018,20.47
4/11/2018,20.24
4/12/2018,18.49
04/13/2018,17.41
04/16/2018,16.56
04/17/2018,15.25
04/18/2018,15.6
04/19/2018,15.96
04/20/2018,16.88
04/23/2018,16.34
04/24/2018,18.02
04/25/2018,17.84
04/26/2018,16.24
04/27/2018,15.41
04/30/2018,15.93
5/1/2018,15.49
5/2/2018,15.97
5/3/2018,15.9
5/4/2018,14.77
5/7/2018,14.75
5/8/2018,14.71
5/9/2018,13.42
5/10/2018,13.23
5/11/2018,12.65
05/14/2018,12.93
05/15/2018,14.63
05/16/2018,13.42
05/17/2018,13.43
05/18/2018,13.42
05/21/2018,13.08
05/22/2018,13.22
05/23/2018,12.58
05/24/2018,12.53
05/25/2018,13.22
05/29/2018,17.02
05/30/2018,14.94
05/31/2018,15.43
6/1/2018,13.46
6/4/2018,12.74
6/5/2018,12.4
6/6/2018,11.64
6/7/2018,12.13
6/8/2018,12.18
6/11/2018,12.35
6/12/2018,12.34
06/13/2018,12.94
06/14/2018,12.12
06/15/2018,11.98
06/18/2018,12.31
06/19/2018,13.35
06/20/2018,12.79
06/21/2018,14.64
06/22/2018,13.77
06/25/2018,17.33
06/26/2018,15.92
06/27/2018,17.91
06/28/2018,16.85
06/29/2018,16.09
7/2/2018,15.6
7/3/2018,16.14
7/5/2018,14.97
7/6/2018,13.37
7/9/2018,12.69
7/10/2018,12.64
7/11/2018,13.63
7/12/2018,12.58
07/13/2018,12.18
07/16/2018,12.83
07/17/2018,12.06
07/18/2018,12.1
07/19/2018,12.87
07/20/2018,12.86
07/23/2018,12.62
07/24/2018,12.41
07/25/2018,12.29
07/26/2018,12.14
07/27/2018,13.03
07/30/2018,14.26
07/31/2018,12.83
8/1/2018,13.15
8/2/2018,12.19
8/3/2018,11.64
8/6/2018,11.27
8/7/2018,10.93
8/8/2018,10.85
8/9/2018,11.27
8/10/2018,13.16
08/13/2018,14.78
08/14/2018,13.31
08/15/2018,14.64
08/16/2018,13.45
08/17/2018,12.64
08/20/2018,12.49
08/21/2018,12.86
08/22/2018,12.25
08/23/2018,12.41
08/24/2018,11.99
08/27/2018,12.16
08/28/2018,12.5
08/29/2018,12.25
08/30/2018,13.53
08/31/2018,12.86
9/4/2018,13.16
9/5/2018,13.91
9/6/2018,14.65
9/7/2018,14.88
9/10/2018,14.16
9/11/2018,13.22
9/12/2018,13.14
09/13/2018,12.37
09/14/2018,12.07
09/17/2018,13.68
09/18/2018,12.79
09/19/2018,11.75
09/20/2018,11.8
09/21/2018,11.68
09/24/2018,12.2
09/25/2018,12.42
09/26/2018,12.89
09/27/2018,12.41
09/28/2018,12.12
10/1/2018,12
10/2/2018,12.05
10/3/2018,11.61
10/4/2018,14.22
10/5/2018,14.82
10/8/2018,15.69
10/9/2018,15.95
10/10/2018,22.96
10/11/2018,24.98
10/12/2018,21.31
10/15/2018,21.3
10/16/2018,17.62
10/17/2018,17.4
10/18/2018,20.06
10/19/2018,19.89
10/22/2018,19.64
10/23/2018,20.71
10/24/2018,25.23
10/25/2018,24.22
10/26/2018,24.16
10/29/2018,24.7
10/30/2018,23.35
10/31/2018,21.23
11/1/2018,19.34
11/2/2018,19.51
11/5/2018,19.96
11/6/2018,19.91
11/7/2018,16.36
11/8/2018,16.72
11/9/2018,17.36
11/12/2018,20.45
11/13/2018,20.02
11/14/2018,21.25
11/15/2018,19.98
11/16/2018,18.14
11/19/2018,20.1
11/20/2018,22.48
11/21/2018,20.8
11/23/2018,21.52
11/26/2018,18.9
11/27/2018,19.02
11/28/2018,18.49
11/29/2018,18.79
11/30/2018,18.07
12/3/2018,16.44
12/4/2018,20.74
12/6/2018,21.19
12/7/2018,23.23
12/10/2018,22.64
12/11/2018,21.76
12/12/2018,21.46
12/13/2018,20.65
12/14/2018,21.63
12/17/2018,24.52
12/18/2018,25.58
12/19/2018,25.58
12/20/2018,28.38
12/21/2018,30.11
12/24/2018,36.07
12/26/2018,30.41
12/27/2018,29.96
12/28/2018,28.34
12/31/2018,25.42
1/2/2019,23.22
1/3/2019,25.45
1/4/2019,21.38
1/7/2019,21.4
1/8/2019,20.47
1/9/2019,19.98
1/10/2019,19.5
1/11/2019,18.19
01/14/2019,19.07
01/15/2019,18.6
01/16/2019,19.04
01/17/2019,18.06
01/18/2019,17.8
01/22/2019,20.8
01/23/2019,19.52
01/24/2019,18.89
01/25/2019,17.42
01/28/2019,18.87
01/29/2019,19.13
01/30/2019,17.66
01/31/2019,16.57
2/1/2019,16.14
2/4/2019,15.73
2/5/2019,15.57
2/6/2019,15.38
2/7/2019,16.37
2/8/2019,15.72
2/11/2019,15.97
2/12/2019,15.43
02/13/2019,15.65
02/14/2019,16.22
02/15/2019,14.91
02/19/2019,14.88
02/20/2019,14.02
02/21/2019,14.46
02/22/2019,13.51
02/25/2019,14.85
02/26/2019,15.17
02/27/2019,14.7
02/28/2019,14.78
3/1/2019,13.57
3/4/2019,14.63
3/5/2019,14.74
3/6/2019,15.74
3/7/2019,16.59
3/8/2019,16.05
3/11/2019,14.33
3/12/2019,13.77
03/13/2019,13.41
03/14/2019,13.5
03/15/2019,12.88
03/18/2019,13.1
03/19/2019,13.56
03/20/2019,13.91
03/21/2019,13.63
03/22/2019,16.48
03/25/2019,16.33
03/26/2019,14.68
03/27/2019,15.15
03/28/2019,14.43
03/29/2019,13.71
4/1/2019,13.4
4/2/2019,13.36
4/3/2019,13.74
4/4/2019,13.58
4/5/2019,12.82
4/8/2019,13.18
4/9/2019,14.28
4/10/2019,13.3
4/11/2019,13.02
4/12/2019,12.01
04/15/2019,12.32
04/16/2019,12.18
04/17/2019,12.6
04/18/2019,12.09
04/22/2019,12.42
04/23/2019,12.28
04/24/2019,13.14
04/25/2019,13.25
04/26/2019,12.73
04/29/2019,13.11
04/30/2019,13.12
5/1/2019,14.8
5/2/2019,14.42
5/3/2019,12.87
5/6/2019,15.44
5/7/2019,19.32
5/8/2019,19.4
5/9/2019,19.1
5/10/2019,16.04
05/13/2019,20.55
05/14/2019,18.06
05/15/2019,16.44
05/16/2019,15.29
05/17/2019,15.96
05/20/2019,16.31
05/21/2019,14.95
05/22/2019,14.75
05/23/2019,16.92
05/24/2019,15.85
05/28/2019,17.5
05/29/2019,17.9
05/30/2019,17.3
05/31/2019,18.71
6/3/2019,18.86
6/4/2019,16.97
6/5/2019,16.09
6/6/2019,15.93
6/7/2019,16.3
6/10/2019,15.94
6/11/2019,15.99
6/12/2019,15.91
06/13/2019,15.82
06/14/2019,15.28
06/17/2019,15.35
06/18/2019,15.15
06/19/2019,14.33
06/20/2019,14.75
06/21/2019,15.4
06/24/2019,15.26
06/25/2019,16.28
06/26/2019,16.21
06/27/2019,15.82
06/28/2019,15.08
7/1/2019,14.06
7/2/2019,12.93
7/3/2019,12.57
7/5/2019,13.28
7/8/2019,13.96
7/9/2019,14.09
7/10/2019,13.03
7/11/2019,12.93
7/12/2019,12.39
07/15/2019,12.68
07/16/2019,12.86
07/17/2019,13.97
07/18/2019,13.53
07/19/2019,14.45
07/22/2019,13.53
07/23/2019,12.61
07/24/2019,12.07
07/25/2019,12.74
07/26/2019,12.16
07/29/2019,12.83
07/30/2019,13.94
07/31/2019,16.12
8/1/2019,17.87
8/2/2019,17.61
8/5/2019,24.59
8/6/2019,20.17
8/7/2019,19.49
8/8/2019,16.91
8/9/2019,17.97
8/12/2019,21.09
08/13/2019,17.52
08/14/2019,22.1
08/15/2019,21.18
08/16/2019,18.47
08/19/2019,16.88
08/20/2019,17.5
08/21/2019,15.8
08/22/2019,16.68
08/23/2019,19.87
08/26/2019,19.32
08/27/2019,20.31
08/28/2019,19.35
08/29/2019,17.88
08/30/2019,18.98
9/3/2019,19.66
9/4/2019,17.33
9/5/2019,16.27
9/6/2019,15
9/9/2019,15.27
9/10/2019,15.2
9/11/2019,14.61
9/12/2019,14.22
09/13/2019,13.74
09/16/2019,14.67
09/17/2019,14.44
09/18/2019,13.95
09/19/2019,14.05
09/20/2019,15.32
09/23/2019,14.91
09/24/2019,17.05
09/25/2019,15.96
09/26/2019,16.07
09/27/2019,17.22
09/30/2019,16.24
10/1/2019,18.56
10/2/2019,20.56
10/3/2019,19.12
10/4/2019,17.04
10/7/2019,17.86
10/8/2019,20.28
10/9/2019,18.64
10/10/2019,17.57
10/11/2019,15.58
10/14/2019,14.57
10/15/2019,13.54
10/16/2019,13.68
10/17/2019,13.79
10/18/2019,14.25
10/21/2019,14
10/22/2019,14.46
10/23/2019,14.01
10/24/2019,13.71
10/25/2019,12.65
10/28/2019,13.11
10/29/2019,13.2
10/30/2019,12.33
10/31/2019,13.22
11/1/2019,12.3
11/4/2019,12.83
11/5/2019,13.1
11/6/2019,12.62
11/7/2019,12.73
11/8/2019,12.07
11/11/2019,12.69
11/12/2019,12.68
11/13/2019,13
11/14/2019,13.05
11/15/2019,12.05
11/18/2019,12.46
11/19/2019,12.86
11/20/2019,12.78
11/21/2019,13.13
11/22/2019,12.34
11/25/2019,11.87
11/26/2019,11.54
11/27/2019,11.75
11/29/2019,12.62
12/2/2019,14.91
12/3/2019,15.96
12/4/2019,14.8
12/5/2019,14.52
12/6/2019,13.62
12/9/2019,15.86
12/10/2019,15.68
12/11/2019,14.99
12/12/2019,13.94
12/13/2019,12.63
12/16/2019,12.14
12/17/2019,12.29
12/18/2019,12.58
12/19/2019,12.5
12/20/2019,12.51
12/23/2019,12.61
12/24/2019,12.67
12/26/2019,12.65
12/27/2019,13.43
12/30/2019,14.82
12/31/2019,13.78
1/2/2020,12.47
1/3/2020,14.02
1/6/2020,13.85
1/7/2020,13.79
1/8/2020,13.45
1/9/2020,12.54
1/10/2020,12.56
01/13/2020,12.32
01/14/2020,12.39
01/15/2020,12.42
01/16/2020,12.32
01/17/2020,12.1
01/21/2020,12.85
01/22/2020,12.91
01/23/2020,12.98
01/24/2020,14.56
01/27/2020,18.23
01/28/2020,16.28
01/29/2020,16.39
01/30/2020,15.49
01/31/2020,18.84
2/3/2020,17.97
2/4/2020,16.05
2/5/2020,15.15
2/6/2020,14.96
2/7/2020,15.47
2/10/2020,15.04
2/11/2020,15.18
2/12/2020,13.74
02/13/2020,14.15
02/14/2020,13.68
02/18/2020,14.83
02/19/2020,14.38
02/20/2020,15.56
02/21/2020,17.08
02/24/2020,25.03
02/25/2020,27.85
02/26/2020,27.56
02/27/2020,39.16
02/28/2020,40.11
3/2/2020,33.42
3/3/2020,36.82
3/4/2020,31.99
3/5/2020,39.62
3/6/2020,41.94
3/9/2020,54.46
3/10/2020,47.3
3/11/2020,53.9
3/12/2020,75.47
03/13/2020,57.83
03/16/2020,82.69
03/17/2020,75.91
03/18/2020,76.45
03/19/2020,72
03/20/2020,66.04
03/23/2020,61.59
03/24/2020,61.67
03/25/2020,63.95
03/26/2020,61
03/27/2020,65.54
03/30/2020,57.08
03/31/2020,53.54
4/1/2020,57.06
4/2/2020,50.91
4/3/2020,46.8
4/6/2020,45.24
4/7/2020,46.7
4/8/2020,43.35
4/9/2020,41.67
04/13/2020,41.17
04/14/2020,37.76
04/15/2020,40.84
04/16/2020,40.11
04/17/2020,38.15
04/20/2020,43.83
04/21/2020,45.41
04/22/2020,41.98
04/23/2020,41.38
04/24/2020,35.93
04/27/2020,33.29
04/28/2020,33.57
04/29/2020,31.23
04/30/2020,34.15
5/1/2020,37.19
5/4/2020,35.97
5/5/2020,33.61
5/6/2020,34.12
5/7/2020,31.44
5/8/2020,27.98
5/11/2020,27.57
5/12/2020,33.04
05/13/2020,35.28
05/14/2020,32.61
05/15/2020,31.89
05/18/2020,29.3
05/19/2020,30.53
05/20/2020,27.99
05/21/2020,29.53
05/22/2020,28.16
05/26/2020,28.01
05/27/2020,27.62
05/28/2020,28.59
05/29/2020,27.51
6/1/2020,28.23
6/2/2020,26.84
6/3/2020,25.66
6/4/2020,25.81
6/5/2020,24.52
6/8/2020,25.81
6/9/2020,27.57
6/10/2020,27.57
6/11/2020,40.79
6/12/2020,36.09
06/15/2020,34.4
06/16/2020,33.67
06/17/2020,33.47
06/18/2020,32.94
06/19/2020,35.12
06/22/2020,31.77
06/23/2020,31.37
06/24/2020,33.84
06/25/2020,32.22
06/26/2020,34.73
06/29/2020,31.78
06/30/2020,30.43
7/1/2020,28.62
7/2/2020,27.68
7/6/2020,27.94
7/7/2020,29.43
7/8/2020,28.08
7/9/2020,29.26
7/10/2020,27.29
07/13/2020,32.19
07/14/2020,29.52
07/15/2020,27.76
07/16/2020,28
07/17/2020,25.68
07/20/2020,24.46
07/21/2020,24.84
07/22/2020,24.32
07/23/2020,26.08
07/24/2020,25.84
07/27/2020,24.74
07/28/2020,25.44
07/29/2020,24.1
07/30/2020,24.76
07/31/2020,24.46
8/3/2020,24.28
8/4/2020,23.76
8/5/2020,22.99
8/6/2020,22.65
8/7/2020,22.21
8/10/2020,22.13
8/11/2020,24.03
8/12/2020,22.28
08/13/2020,22.13
08/14/2020,22.05
08/17/2020,21.35
08/18/2020,21.51
08/19/2020,22.54
08/20/2020,22.72
08/21/2020,22.54
08/24/2020,22.37
08/25/2020,22.03
08/26/2020,23.27
08/27/2020,24.47
08/28/2020,22.96
08/31/2020,26.41
9/1/2020,26.12
9/2/2020,26.57
9/3/2020,33.6
9/4/2020,30.75
9/8/2020,31.46
9/9/2020,28.81
9/10/2020,29.71
9/11/2020,26.87
09/14/2020,25.85
09/15/2020,25.59
09/16/2020,26.04
09/17/2020,26.46
09/18/2020,25.83
09/21/2020,27.78
09/22/2020,26.86
09/23/2020,28.58
09/24/2020,28.51
09/25/2020,26.38
09/28/2020,26.19
09/29/2020,26.27
09/30/2020,26.37
10/1/2020,26.7
10/2/2020,27.63
10/5/2020,27.96
10/6/2020,29.48
10/7/2020,28.06
10/8/2020,26.36
10/9/2020,25
10/12/2020,25.07
10/13/2020,26.07
10/14/2020,26.4
10/15/2020,26.97
10/16/2020,27.41
10/19/2020,29.18
10/20/2020,29.35
10/21/2020,28.65
10/22/2020,28.11
10/23/2020,27.55
10/26/2020,32.46
10/27/2020,33.35
10/28/2020,40.28
10/29/2020,37.59
10/30/2020,38.02
11/2/2020,37.13
11/3/2020,35.55
11/4/2020,29.57
11/5/2020,27.58
11/6/2020,24.86
11/9/2020,25.75
11/10/2020,24.8
11/11/2020,23.45
11/12/2020,25.35
11/13/2020,23.1
11/16/2020,22.45
11/17/2020,22.71
11/18/2020,23.84
11/19/2020,23.11
11/20/2020,23.7
11/23/2020,22.66
11/24/2020,21.64
11/25/2020,21.25
11/27/2020,20.84
11/30/2020,20.57
12/1/2020,20.77
12/2/2020,21.17
12/3/2020,21.28
12/4/2020,20.79
12/7/2020,21.3
12/8/2020,20.68
12/9/2020,22.27
12/10/2020,22.52
12/11/2020,23.31
12/14/2020,24.72
12/15/2020,22.89
12/16/2020,22.5
12/17/2020,21.93
12/18/2020,21.57
12/21/2020,25.16
12/22/2020,24.23
12/23/2020,23.31
12/24/2020,21.53
12/28/2020,21.7
12/29/2020,23.08
12/30/2020,22.77
12/31/2020,22.75
1/4/2021,26.97
1/5/2021,25.34
1/6/2021,25.07
1/7/2021,22.37
1/8/2021,21.56
1/11/2021,24.08
1/12/2021,23.33
01/13/2021,22.21
01/14/2021,23.25
01/15/2021,24.34
01/19/2021,23.24
01/20/2021,21.58
01/21/2021,21.32
01/22/2021,21.91
01/25/2021,23.19
01/26/2021,23.02
01/27/2021,37.21
01/28/2021,30.21
01/29/2021,33.09
2/1/2021,30.24
2/2/2021,25.56
2/3/2021,22.91
2/4/2021,21.77
2/5/2021,20.87
2/8/2021,21.24
2/9/2021,21.63
2/10/2021,21.99
2/11/2021,21.25
2/12/2021,19.97
02/16/2021,21.46
02/17/2021,21.5
02/18/2021,22.49
02/19/2021,22.05
02/22/2021,23.45
02/23/2021,23.11
02/24/2021,21.34
02/25/2021,28.89
02/26/2021,27.95
3/1/2021,23.35
3/2/2021,24.1
3/3/2021,26.67
3/4/2021,28.57
3/5/2021,24.66
3/8/2021,25.47
3/9/2021,24.03
3/10/2021,22.56
3/11/2021,21.91
3/12/2021,20.69
03/15/2021,20.03
03/16/2021,19.79
03/17/2021,19.23
03/18/2021,21.58
03/19/2021,20.95
03/22/2021,18.88
03/23/2021,20.3
03/24/2021,21.2
03/25/2021,19.81
03/26/2021,18.86
03/29/2021,20.74
03/30/2021,19.61
03/31/2021,19.4
4/1/2021,17.33
4/5/2021,17.91
4/6/2021,18.12
4/7/2021,17.16
4/8/2021,16.95
4/9/2021,16.69
4/12/2021,16.91
04/13/2021,16.65
04/14/2021,16.99
04/15/2021,16.57
04/16/2021,16.25
04/19/2021,17.29
04/20/2021,18.68
04/21/2021,17.5
04/22/2021,18.71
04/23/2021,17.33
04/26/2021,17.64
04/27/2021,17.56
04/28/2021,17.28
04/29/2021,17.61
04/30/2021,18.61
5/3/2021,18.31
5/4/2021,19.48
5/5/2021,19.15
5/6/2021,18.39
5/7/2021,16.69
5/10/2021,19.66
5/11/2021,21.84
5/12/2021,27.59
05/13/2021,23.13
05/14/2021,18.81
05/17/2021,19.72
05/18/2021,21.34
05/19/2021,22.18
05/20/2021,20.67
05/21/2021,20.15
05/24/2021,18.4
05/25/2021,18.84
05/26/2021,17.36
05/27/2021,16.74
05/28/2021,16.76
6/1/2021,17.9
6/2/2021,17.48
6/3/2021,18.04
6/4/2021,16.42
6/7/2021,16.42
6/8/2021,17.07
6/9/2021,17.89
6/10/2021,16.1
6/11/2021,15.65
06/14/2021,16.39
06/15/2021,17.02
06/16/2021,18.15
06/17/2021,17.75
06/18/2021,20.7
06/21/2021,17.89
06/22/2021,16.66
06/23/2021,16.32
06/24/2021,15.97
06/25/2021,15.62
06/28/2021,15.76
06/29/2021,16.02
06/30/2021,15.83
7/1/2021,15.48
7/2/2021,15.07
7/6/2021,16.44
7/7/2021,16.2
7/8/2021,19
7/9/2021,16.18
7/12/2021,16.17
07/13/2021,17.12
07/14/2021,16.33
07/15/2021,17.01
07/16/2021,18.45
07/19/2021,22.5
07/20/2021,19.73
07/21/2021,17.91
07/22/2021,17.69
07/23/2021,17.2
07/26/2021,17.58
07/27/2021,19.36
07/28/2021,18.31
07/29/2021,17.7
07/30/2021,18.24
8/2/2021,19.46
8/3/2021,18.04
8/4/2021,17.97
8/5/2021,17.28
8/6/2021,16.15
8/9/2021,16.72
8/10/2021,16.79
8/11/2021,16.06
8/12/2021,15.59
08/13/2021,15.45
08/16/2021,16.12
08/17/2021,17.91
08/18/2021,21.57
08/19/2021,21.67
08/20/2021,18.56
08/23/2021,17.15
08/24/2021,17.22
08/25/2021,16.79
08/26/2021,18.84
08/27/2021,16.39
08/30/2021,16.19
08/31/2021,16.48
9/1/2021,16.11
9/2/2021,16.41
9/3/2021,16.41
9/7/2021,18.14
9/8/2021,17.96
9/9/2021,18.8
9/10/2021,20.95
09/13/2021,19.37
09/14/2021,19.46
09/15/2021,18.18
09/16/2021,18.69
09/17/2021,20.81
09/20/2021,25.71
09/21/2021,24.36
09/22/2021,20.87
09/23/2021,18.63
09/24/2021,17.75
09/27/2021,18.76
09/28/2021,23.25
09/29/2021,22.56
09/30/2021,23.14
10/1/2021,21.15
10/4/2021,22.96
10/5/2021,21.3
10/6/2021,21
10/7/2021,19.54
10/8/2021,18.77
10/11/2021,20
10/12/2021,19.85
10/13/2021,18.64
10/14/2021,16.86
10/15/2021,16.3
10/18/2021,16.31
10/19/2021,15.7
10/20/2021,15.49
10/21/2021,15.01
10/22/2021,15.43
10/25/2021,15.24
10/26/2021,15.98
10/27/2021,16.98
10/28/2021,16.53
10/29/2021,16.26
11/1/2021,16.41
11/2/2021,16.03
11/3/2021,15.1
11/4/2021,15.44
11/5/2021,16.48
11/8/2021,17.22
11/9/2021,17.78
11/10/2021,18.73
11/11/2021,17.66
11/12/2021,16.29
11/15/2021,16.49
11/16/2021,16.37
11/17/2021,17.11
11/18/2021,17.59
11/19/2021,17.91
11/22/2021,19.17
11/23/2021,19.38
11/24/2021,18.58
11/26/2021,28.62
11/29/2021,22.96
11/30/2021,27.19
12/1/2021,31.12
12/2/2021,27.95
12/3/2021,30.67
12/6/2021,27.18
12/7/2021,21.89
12/8/2021,19.9
12/9/2021,21.58
12/10/2021,18.69
12/13/2021,20.31
12/14/2021,21.89
12/15/2021,19.29
12/16/2021,20.57
12/17/2021,21.57
12/20/2021,22.87
12/21/2021,21.01
12/22/2021,18.63
12/23/2021,17.96
12/27/2021,17.68
12/28/2021,17.54
12/29/2021,16.95
12/30/2021,17.33
12/31/2021,17.22
1/3/2022,16.6
1/4/2022,16.91
1/5/2022,19.73
1/6/2022,19.61
1/7/2022,18.76
1/10/2022,19.4
1/11/2022,18.41
1/12/2022,17.62
01/13/2022,20.31
01/14/2022,19.19
01/18/2022,22.79
01/19/2022,23.85
01/20/2022,25.59
01/21/2022,28.85
01/24/2022,29.9
01/25/2022,31.16
01/26/2022,31.96
01/27/2022,30.49
01/28/2022,27.66
01/31/2022,24.83
2/1/2022,21.96
2/2/2022,22.09
2/3/2022,24.35
2/4/2022,23.22
2/7/2022,22.86
2/8/2022,21.44
2/9/2022,19.96
2/10/2022,23.91
2/11/2022,27.36
02/14/2022,28.33
02/15/2022,25.7
02/16/2022,24.29
02/17/2022,28.11
02/18/2022,27.75
02/22/2022,28.81
02/23/2022,31.02
02/24/2022,30.32
02/25/2022,27.59
02/28/2022,30.15
3/1/2022,33.32
3/2/2022,30.74
3/3/2022,30.48
3/4/2022,31.98
3/7/2022,36.45
3/8/2022,35.13
3/9/2022,32.45
3/10/2022,30.23
3/11/2022,30.75
03/14/2022,31.77
03/15/2022,29.83
03/16/2022,26.67
03/17/2022,25.67
03/18/2022,23.87
03/21/2022,23.53
03/22/2022,22.94
03/23/2022,23.57
03/24/2022,21.67
03/25/2022,20.81
03/28/2022,19.63
03/29/2022,18.9
03/30/2022,19.33
03/31/2022,20.56
4/1/2022,19.63
4/4/2022,18.57
4/5/2022,21.03
4/6/2022,22.1
4/7/2022,21.55
4/8/2022,21.16
4/11/2022,24.37
4/12/2022,24.26
04/13/2022,21.82
04/14/2022,22.7
04/18/2022,22.17
04/19/2022,21.37
04/20/2022,20.32
04/21/2022,22.68
04/22/2022,28.21
04/25/2022,27.02
04/26/2022,33.52
04/27/2022,31.6
04/28/2022,29.99
04/29/2022,33.4
5/2/2022,32.34
5/3/2022,29.25
5/4/2022,25.42
5/5/2022,31.2
5/6/2022,30.19
5/9/2022,34.75
5/10/2022,32.99
5/11/2022,32.56
5/12/2022,31.77
05/13/2022,28.87
05/16/2022,27.47
05/17/2022,26.1
05/18/2022,30.96
05/19/2022,29.35
05/20/2022,29.43
05/23/2022,28.48
05/24/2022,29.45
05/25/2022,28.37
05/26/2022,27.5
05/27/2022,25.72
05/30/2022,26.54
05/31/2022,26.19
6/1/2022,25.69
6/2/2022,24.72
6/3/2022,24.79
6/6/2022,25.07
6/7/2022,24.02
6/8/2022,23.96
6/9/2022,26.09
6/10/2022,27.75
06/13/2022,34.02
06/14/2022,32.69
06/15/2022,29.62
06/16/2022,32.95
06/17/2022,31.13
06/20/2022,31.03
06/21/2022,30.19
06/22/2022,28.95
06/23/2022,29.05
06/24/2022,27.23
06/27/2022,26.95
06/28/2022,28.36
06/29/2022,28.16
06/30/2022,28.71
7/1/2022,26.7
7/4/2022,27.53
7/5/2022,27.54
7/6/2022,26.73
7/7/2022,26.08
7/8/2022,24.64
7/11/2022,26.17
7/12/2022,27.29
07/13/2022,26.82
07/14/2022,26.4
07/15/2022,24.23
07/18/2022,25.3
07/19/2022,24.5
07/20/2022,23.88
07/21/2022,23.11
07/22/2022,23.03
07/25/2022,23.36
07/26/2022,24.69
07/27/2022,23.24
07/28/2022,22.33
07/29/2022,21.33
8/1/2022,22.84
8/2/2022,23.93
8/3/2022,21.95
8/4/2022,21.44
8/5/2022,21.15
8/8/2022,21.29
8/9/2022,21.77
8/10/2022,19.74
8/11/2022,20.2
8/12/2022,19.53
08/15/2022,19.95
08/16/2022,19.69
08/17/2022,19.9
08/18/2022,19.56
08/19/2022,20.6
08/22/2022,23.8
08/23/2022,24.11
08/24/2022,22.82
08/25/2022,21.78
08/26/2022,25.56
08/29/2022,26.21
08/30/2022,26.21
08/31/2022,25.87
9/1/2022,25.56
9/2/2022,25.47
9/5/2022,25.99
9/6/2022,26.91
9/7/2022,24.64
9/8/2022,23.61
9/9/2022,22.79
9/12/2022,23.87
09/13/2022,27.27
09/14/2022,26.16
09/15/2022,26.27
09/16/2022,26.3
09/19/2022,25.76
09/20/2022,27.16
09/21/2022,27.99
09/22/2022,27.35
09/23/2022,29.92
09/26/2022,32.26
09/27/2022,32.6
09/28/2022,30.18
09/29/2022,31.84
09/30/2022,31.62
10/3/2022,30.1
10/4/2022,29.07
10/5/2022,28.55
10/6/2022,30.52
10/7/2022,31.36
10/10/2022,32.45
10/11/2022,33.63
10/12/2022,33.57
10/13/2022,31.94
10/14/2022,32.02
10/17/2022,31.37
10/18/2022,30.5
10/19/2022,30.76
10/20/2022,29.98
10/21/2022,29.69
10/24/2022,29.85
10/25/2022,28.46
10/26/2022,27.28
10/27/2022,27.39
10/28/2022,25.75
10/31/2022,25.88
11/1/2022,25.81
11/2/2022,25.86
11/3/2022,25.3
11/4/2022,24.55
11/7/2022,24.35
11/8/2022,25.54
11/9/2022,26.09
11/10/2022,23.53
11/11/2022,22.52
11/14/2022,23.73
11/15/2022,24.54
11/16/2022,24.11
11/17/2022,23.93
11/18/2022,23.12
11/21/2022,22.36
11/22/2022,21.29
11/23/2022,20.35
11/24/2022,20.42
11/25/2022,20.5
11/28/2022,22.21
11/29/2022,21.89
11/30/2022,20.58
12/1/2022,19.84
12/2/2022,19.06
12/5/2022,20.75
12/6/2022,22.17
12/7/2022,22.68
12/8/2022,22.29
12/9/2022,22.83
12/12/2022,25
12/13/2022,22.55
12/14/2022,21.14
12/15/2022,22.83
12/16/2022,22.62
12/19/2022,22.42
12/20/2022,21.48
12/21/2022,20.07
12/22/2022,21.97
12/23/2022,20.87
12/27/2022,21.65
12/28/2022,22.14
12/29/2022,21.44
12/30/2022,21.67
1/3/2023,22.9
1/4/2023,22.01
1/5/2023,22.46
1/6/2023,21.13
1/9/2023,21.97
1/10/2023,20.58
1/11/2023,21.09
1/12/2023,18.83
01/13/2023,18.35
01/16/2023,19.49
01/17/2023,19.36
01/18/2023,20.34
01/19/2023,20.52
01/20/2023,19.85
01/23/2023,19.81
01/24/2023,19.2
01/25/2023,19.08
01/26/2023,18.73
01/27/2023,18.51
01/30/2023,19.94
01/31/2023,19.4
2/1/2023,17.87
2/2/2023,18.73
2/3/2023,18.33
2/6/2023,19.43
2/7/2023,18.66
2/8/2023,19.63
2/9/2023,20.71
2/10/2023,20.53
02/13/2023,20.34
02/14/2023,18.91
02/15/2023,18.23
02/16/2023,20.17
02/17/2023,20.02
02/20/2023,21.23
02/21/2023,22.87
02/22/2023,22.29
02/23/2023,21.14
02/24/2023,21.67
02/27/2023,20.95
02/28/2023,20.7
3/1/2023,20.58
3/2/2023,19.59
3/3/2023,18.49
3/6/2023,18.61
3/7/2023,19.59
3/8/2023,19.11
3/9/2023,22.61
3/10/2023,24.8
03/13/2023,26.52
03/14/2023,23.73
03/15/2023,26.14
03/16/2023,22.99
03/17/2023,25.51
03/20/2023,24.15
03/21/2023,21.38
03/22/2023,22.26
03/23/2023,22.61
03/24/2023,21.74
03/27/2023,20.6
03/28/2023,19.97
03/29/2023,19.12
03/30/2023,19.02
03/31/2023,18.7
4/3/2023,18.55
4/4/2023,19
4/5/2023,19.08
4/6/2023,18.4
4/10/2023,18.97
4/11/2023,19.1
4/12/2023,19.09
04/13/2023,17.8
04/14/2023,17.07
04/17/2023,16.95
04/18/2023,16.83
04/19/2023,16.46
04/20/2023,17.17
04/21/2023,16.77
04/24/2023,16.89
04/25/2023,18.76
04/26/2023,18.84
04/27/2023,17.03
04/28/2023,15.78
5/1/2023,16.08
5/2/2023,17.78
5/3/2023,18.34
5/4/2023,20.09
5/5/2023,17.19
5/8/2023,16.98
5/9/2023,17.71
5/10/2023,16.94
5/11/2023,16.93
5/12/2023,17.03
05/15/2023,17.12
05/16/2023,17.99
05/17/2023,16.87
05/18/2023,16.05
05/19/2023,16.81
05/22/2023,17.21
05/23/2023,18.53
05/24/2023,20.03
05/25/2023,19.14
05/26/2023,17.95
05/29/2023,17.46
05/30/2023,17.46
05/31/2023,17.94
6/1/2023,15.65
6/2/2023,14.6
6/5/2023,14.73
6/6/2023,13.96
6/7/2023,13.94
6/8/2023,13.65
6/9/2023,13.83
6/12/2023,15.01
06/13/2023,14.61
06/14/2023,13.88
06/15/2023,14.5
06/16/2023,13.54
06/19/2023,14.19
06/20/2023,13.88
06/21/2023,13.2
06/22/2023,12.91
06/23/2023,13.44
06/26/2023,14.25
06/27/2023,13.74
06/28/2023,13.43
06/29/2023,13.54
06/30/2023,13.59
7/3/2023,13.57
7/4/2023,13.7
7/5/2023,14.18
7/6/2023,15.44
7/7/2023,14.83
7/10/2023,15.07
7/11/2023,14.84
7/12/2023,13.54
07/13/2023,13.61
07/14/2023,13.34
07/17/2023,13.48
07/18/2023,13.3
07/19/2023,13.76
07/20/2023,13.99
07/21/2023,13.6
07/24/2023,13.91
07/25/2023,13.86
07/26/2023,13.19
07/27/2023,14.41
07/28/2023,13.33
07/31/2023,13.63
8/1/2023,13.93
8/2/2023,16.09
8/3/2023,15.92
8/4/2023,17.1
8/7/2023,15.77
8/8/2023,15.99
8/9/2023,15.96
8/10/2023,15.85
8/11/2023,14.84
08/14/2023,14.82
08/15/2023,16.46
08/16/2023,16.78
08/17/2023,17.89
08/18/2023,17.3
08/21/2023,17.13
08/22/2023,16.97
08/23/2023,15.98
08/24/2023,17.2
08/25/2023,15.68
08/28/2023,15.08
08/29/2023,14.45
08/30/2023,13.88
08/31/2023,13.57
9/1/2023,13.09
9/4/2023,13.82
9/5/2023,14.01
9/6/2023,14.45
9/7/2023,14.4
9/8/2023,13.84
9/11/2023,13.8
9/12/2023,14.23
09/13/2023,13.48
09/14/2023,12.82
09/15/2023,13.79
09/18/2023,14
09/19/2023,14.11
09/20/2023,15.14
09/21/2023,17.54
09/22/2023,17.2
09/25/2023,16.9
09/26/2023,18.94
09/27/2023,18.22
09/28/2023,17.34
09/29/2023,17.52
10/2/2023,17.61
10/3/2023,19.78
10/4/2023,18.58
10/5/2023,18.49
10/6/2023,17.45
10/9/2023,17.7
10/10/2023,17.03
10/11/2023,16.09
10/12/2023,16.69
10/13/2023,19.32
10/16/2023,17.21
10/17/2023,17.88
10/18/2023,19.22
10/19/2023,21.4
10/20/2023,21.71
10/23/2023,20.37
10/24/2023,18.97
10/25/2023,20.19
10/26/2023,20.68
10/27/2023,21.27
10/30/2023,19.75
10/31/2023,18.14
11/1/2023,16.87
11/2/2023,15.66
11/3/2023,14.91
11/6/2023,14.89
11/7/2023,14.81
11/8/2023,14.45
11/9/2023,15.29
11/10/2023,14.17
11/13/2023,14.76
11/14/2023,14.16
11/15/2023,14.18
11/16/2023,14.32
11/17/2023,13.8
11/20/2023,13.41
11/21/2023,13.35
11/22/2023,12.85
11/23/2023,12.8
11/24/2023,12.46
11/27/2023,12.69
11/28/2023,12.69
11/29/2023,12.98
11/30/2023,12.92
12/1/2023,12.63
12/4/2023,13.08
12/5/2023,12.85
12/6/2023,12.97
12/7/2023,13.06
12/8/2023,12.35
12/11/2023,12.63
12/12/2023,12.07
12/13/2023,12.19
12/14/2023,12.48
12/15/2023,12.28
12/18/2023,12.56
12/19/2023,12.53
12/20/2023,13.67
12/21/2023,13.65
12/22/2023,13.03
12/26/2023,12.99
12/27/2023,12.43
12/28/2023,12.47
12/29/2023,12.45
1/2/2024,13.2
1/3/2024,14.04
1/4/2024,14.13
1/5/2024,13.35
1/8/2024,13.08
1/9/2024,12.76
1/10/2024,12.69
1/11/2024,12.44
1/12/2024,12.7
01/15/2024,13.25
01/16/2024,13.84
01/17/2024,14.79
01/18/2024,14.13
01/19/2024,13.3
01/22/2024,13.19
01/23/2024,12.55
01/24/2024,13.14
01/25/2024,13.45
01/26/2024,13.26
01/29/2024,13.6
01/30/2024,13.31
01/31/2024,14.35
2/1/2024,13.88
2/2/2024,13.85
2/5/2024,13.67
2/6/2024,13.06
2/7/2024,12.83
2/8/2024,12.79
2/9/2024,12.93
2/12/2024,13.93
02/13/2024,15.85
02/14/2024,14.38
02/15/2024,14.01
02/16/2024,14.24
02/19/2024,14.71
02/20/2024,15.42
02/21/2024,15.34
02/22/2024,14.54
02/23/2024,13.75
02/26/2024,13.74
02/27/2024,13.43
02/28/2024,13.84
02/29/2024,13.4
3/1/2024,13.11
3/4/2024,13.49
3/5/2024,14.46
3/6/2024,14.5
3/7/2024,14.44
3/8/2024,14.74
3/11/2024,15.22
3/12/2024,13.84
03/13/2024,13.75
03/14/2024,14.4
03/15/2024,14.41
03/18/2024,14.33
03/19/2024,13.82
03/20/2024,13.04
03/21/2024,12.92
03/22/2024,13.06
03/25/2024,13.19
03/26/2024,13.24
03/27/2024,12.78
03/28/2024,13.01
4/1/2024,13.65
4/2/2024,14.61
4/3/2024,14.33
4/4/2024,16.35
4/5/2024,16.03
4/8/2024,15.19
4/9/2024,14.98
4/10/2024,15.8
4/11/2024,14.91
4/12/2024,17.31
04/15/2024,19.23
04/16/2024,18.4
04/17/2024,18.21
04/18/2024,18
04/19/2024,18.71
04/22/2024,16.94
04/23/2024,15.69
04/24/2024,15.97
04/25/2024,15.37
04/26/2024,15.03
04/29/2024,14.67
04/30/2024,15.65
5/1/2024,15.39
5/2/2024,14.68
5/3/2024,13.49
5/6/2024,13.49
5/7/2024,13.23
5/8/2024,13
5/9/2024,12.69
5/10/2024,12.55
05/13/2024,13.6
05/14/2024,13.42
05/15/2024,12.45
05/16/2024,12.42
05/17/2024,11.99
05/20/2024,12.15
05/21/2024,11.86
05/22/2024,12.29
05/23/2024,12.77
05/24/2024,11.93
05/27/2024,12.36
05/28/2024,12.92
05/29/2024,14.28
05/30/2024,14.47
05/31/2024,12.92
6/3/2024,13.11
6/4/2024,13.16
6/5/2024,12.63
6/6/2024,12.58
6/7/2024,12.22
6/10/2024,12.74
6/11/2024,12.85
6/12/2024,12.04
06/13/2024,11.94
06/14/2024,12.66
06/17/2024,12.75
06/18/2024,12.3
06/19/2024,12.48
06/20/2024,13.28
06/21/2024,13.2
06/24/2024,13.33
06/25/2024,12.84
06/26/2024,12.55
06/27/2024,12.24
06/28/2024,12.44
7/1/2024,12.22
7/2/2024,12.03
7/3/2024,12.09
7/4/2024,12.26
7/5/2024,12.48
7/8/2024,12.37
7/9/2024,12.51
7/10/2024,12.85
7/11/2024,12.92
7/12/2024,12.46
07/15/2024,13.12
07/16/2024,13.19
07/17/2024,14.48
07/18/2024,15.93
07/19/2024,16.52
07/22/2024,14.91
07/23/2024,14.72
07/24/2024,18.04
07/25/2024,18.46
07/26/2024,16.39
07/29/2024,16.6
07/30/2024,17.69
07/31/2024,16.36
8/1/2024,18.59
8/2/2024,23.39
8/5/2024,38.57
8/6/2024,27.71
8/7/2024,27.85
8/8/2024,23.79
8/9/2024,20.37
8/12/2024,20.71
08/13/2024,18.12
08/14/2024,16.19
08/15/2024,15.23
08/16/2024,14.8
08/19/2024,14.65
08/20/2024,15.88
08/21/2024,16.27
08/22/2024,17.55
08/23/2024,15.86
08/26/2024,16.15
08/27/2024,15.43
08/28/2024,17.11
08/29/2024,15.65
08/30/2024,15
9/2/2024,15.55
9/3/2024,20.72
9/4/2024,21.32
9/5/2024,19.9
9/6/2024,22.38
9/9/2024,19.45
9/10/2024,19.08
9/11/2024,17.69
9/12/2024,17.07
09/13/2024,16.56
09/16/2024,17.14
09/17/2024,17.61
09/18/2024,18.23
09/19/2024,16.33
09/20/2024,16.15
09/23/2024,15.89
09/24/2024,15.39
09/25/2024,15.41
09/26/2024,15.37
09/27/2024,16.96
09/30/2024,16.73
10/1/2024,19.26
10/2/2024,18.9
10/3/2024,20.49
10/4/2024,19.21
10/7/2024,22.64
10/8/2024,21.42
10/9/2024,20.86
10/10/2024,20.93
10/11/2024,20.46
10/14/2024,19.7
10/15/2024,20.64
10/16/2024,19.58
10/17/2024,19.11
10/18/2024,18.03
10/21/2024,18.37
10/22/2024,18.2
10/23/2024,19.24
10/24/2024,19.08
10/25/2024,20.33
10/28/2024,19.8
10/29/2024,19.34
10/30/2024,20.35
10/31/2024,23.16
11/1/2024,21.88
11/4/2024,21.98
11/5/2024,20.49
11/6/2024,16.27
11/7/2024,15.2
11/8/2024,14.94
11/11/2024,14.97
11/12/2024,14.71
11/13/2024,14.02
11/14/2024,14.31
11/15/2024,16.14
11/18/2024,15.58
11/19/2024,16.35
11/20/2024,17.16
11/21/2024,16.87
11/22/2024,15.24
11/25/2024,14.6
11/26/2024,14.1
11/27/2024,14.1
11/28/2024,13.9
11/29/2024,13.51
12/2/2024,13.34
12/3/2024,13.3
12/4/2024,13.45
12/5/2024,13.54
12/6/2024,12.77
12/9/2024,14.19
12/10/2024,14.18
12/11/2024,13.58
12/12/2024,13.92
12/13/2024,13.81
12/16/2024,14.69
12/17/2024,15.87
12/18/2024,27.62
12/19/2024,24.09
12/20/2024,18.36
12/23/2024,16.78
12/24/2024,14.27
12/26/2024,14.73
12/27/2024,15.95
12/30/2024,17.4
12/31/2024,17.35
1/2/2025,17.93
1/3/2025,16.13
1/6/2025,16.04
1/7/2025,17.82
1/8/2025,17.7
1/9/2025,18.07
1/10/2025,19.54
01/13/2025,19.19
01/14/2025,18.71
01/15/2025,16.12
01/16/2025,16.6
01/17/2025,15.97
01/20/2025,15.81
01/21/2025,15.06
01/22/2025,15.1
01/23/2025,15.02
01/24/2025,14.85
01/27/2025,17.9
01/28/2025,16.41
01/29/2025,16.56
01/30/2025,15.84
01/31/2025,16.43
2/3/2025,18.62
2/4/2025,17.21
2/5/2025,15.77
2/6/2025,15.5
2/7/2025,16.54
2/10/2025,15.81
2/11/2025,16.02
2/12/2025,15.89
02/13/2025,15.1
02/14/2025,14.77
02/17/2025,15.37
02/18/2025,15.35
02/19/2025,15.27
02/20/2025,15.66
02/21/2025,18.21
02/24/2025,18.98
02/25/2025,19.43
02/26/2025,19.1
02/27/2025,21.13
02/28/2025,19.63
3/3/2025,22.78
3/4/2025,23.51
3/5/2025,21.93
3/6/2025,24.87
3/7/2025,23.37
3/10/2025,27.86
3/11/2025,26.92
3/12/2025,24.23
03/13/2025,24.66
03/14/2025,21.77
03/17/2025,20.51
03/18/2025,21.7
03/19/2025,19.9
03/20/2025,19.8
03/21/2025,19.28
03/24/2025,17.48
03/25/2025,17.15
03/26/2025,18.33
03/27/2025,18.69
03/28/2025,21.65
03/31/2025,22.28
4/1/2025,21.77
4/2/2025,21.51
4/3/2025,30.02
4/4/2025,45.31
4/7/2025,46.98
4/8/2025,52.33
4/9/2025,33.62
4/10/2025,40.72
4/11/2025,37.56
04/14/2025,30.89
04/15/2025,30.12
04/16/2025,32.64
04/17/2025,29.65
04/21/2025,33.82
04/22/2025,30.57
04/23/2025,28.45
04/24/2025,26.47
04/25/2025,24.84
04/28/2025,25.15
04/29/2025,24.17
04/30/2025,24.7
5/1/2025,24.6
5/2/2025,22.68
5/5/2025,23.64
5/6/2025,24.76
5/7/2025,23.55
5/8/2025,22.48